original_path,archive_path,reason,sha256
GameTheoryExtensions/Analysis/CorrelationPayoff.lean,archive/se-generalization/lean/GameTheoryExtensions/Analysis/CorrelationPayoff.lean.txt,outside retained dependency set,f7ab658173940a6f856c9a39615062caaa0095d0955dd92ea5bbe6252adfb271
GameTheoryExtensions/Analysis/Protocol/AgentPayoffCompletion.lean,archive/se-generalization/lean/GameTheoryExtensions/Analysis/Protocol/AgentPayoffCompletion.lean.txt,outside retained dependency set,53a7ee285abe73a95079ad78c920fbb7dc070e9f0f4aa2804df6f6a2a8542da2
GameTheoryExtensions/Analysis/Protocol/BehavioralOneShot.lean,archive/se-generalization/lean/GameTheoryExtensions/Analysis/Protocol/BehavioralOneShot.lean.txt,outside retained dependency set,f11325e73898322ad04ff560e9881139ee7529ff6dd4140bc9802d2995809896
GameTheoryExtensions/Analysis/Protocol/ConditionalOneShot.lean,archive/se-generalization/lean/GameTheoryExtensions/Analysis/Protocol/ConditionalOneShot.lean.txt,outside retained dependency set,36da0cf1cd40927164d82f38e76ee3fb529eb3cc3d2177b0c605ef5a7f1dfdd5
GameTheoryExtensions/Analysis/Protocol/ContinuationBranch.lean,archive/se-generalization/lean/GameTheoryExtensions/Analysis/Protocol/ContinuationBranch.lean.txt,outside retained dependency set,fe3e729527342e36947aac86873c73677117613c412031f9f747d7c0cb78589f
GameTheoryExtensions/Analysis/Protocol/ContinuationDeviation.lean,archive/se-generalization/lean/GameTheoryExtensions/Analysis/Protocol/ContinuationDeviation.lean.txt,outside retained dependency set,6243bdfa394ada1d253a76716ce5cf51a4b3b6c40ec35b1a9e4475edb91a3bc0
GameTheoryExtensions/Analysis/Protocol/DisclosureEnforcement.lean,archive/se-generalization/lean/GameTheoryExtensions/Analysis/Protocol/DisclosureEnforcement.lean.txt,outside retained dependency set,77552500e93d3c89fbff667ec2a56596f77f1a2413dc95238537b4887ad5c3c3
GameTheoryExtensions/Analysis/Protocol/DisclosureEnforcementAssessment.lean,archive/se-generalization/lean/GameTheoryExtensions/Analysis/Protocol/DisclosureEnforcementAssessment.lean.txt,outside retained dependency set,a9a7909d269425cbed70666320ad4c136183aa2029df169acb98c52352a67888
GameTheoryExtensions/Analysis/Protocol/DisclosureEnforcementEquilibrium.lean,archive/se-generalization/lean/GameTheoryExtensions/Analysis/Protocol/DisclosureEnforcementEquilibrium.lean.txt,outside retained dependency set,02cf841a2e2cdedb7fd72863b84bf26702dc73f2abef0225032b81ccc3433851
GameTheoryExtensions/Analysis/Protocol/DisclosureEnforcementInformation.lean,archive/se-generalization/lean/GameTheoryExtensions/Analysis/Protocol/DisclosureEnforcementInformation.lean.txt,outside retained dependency set,446960040f9e3990fa526b7768a983d27b0db9ef4e638ff7f5d171a03c785d18
GameTheoryExtensions/Analysis/Protocol/DisclosureEnforcementSourceBeliefs.lean,archive/se-generalization/lean/GameTheoryExtensions/Analysis/Protocol/DisclosureEnforcementSourceBeliefs.lean.txt,outside retained dependency set,849d391fb238d239646e21b6466218bd402df6e43e3a46a24650a03501546e8f
GameTheoryExtensions/Analysis/Protocol/LocalizedEnforcement.lean,archive/se-generalization/lean/GameTheoryExtensions/Analysis/Protocol/LocalizedEnforcement.lean.txt,outside retained dependency set,1bb0b152750deb324f4b5880b93dc4e02f7fd483133e2848af9cc2030a691f73
GameTheoryExtensions/Analysis/Protocol/OneShotLimit.lean,archive/se-generalization/lean/GameTheoryExtensions/Analysis/Protocol/OneShotLimit.lean.txt,outside retained dependency set,c007fb6abdc8a9cdf5082c62379ca97d656e46f6e930ef2d048aecf111c69cbb
GameTheoryExtensions/Analysis/Protocol/PassageBayes.lean,archive/se-generalization/lean/GameTheoryExtensions/Analysis/Protocol/PassageBayes.lean.txt,outside retained dependency set,5ea8345e01ed9bb94fbf79c420adfb2ef7f9b7ec8e967f0caca8e2102cef02a8
GameTheoryExtensions/Analysis/Protocol/PrescribedCompletion.lean,archive/se-generalization/lean/GameTheoryExtensions/Analysis/Protocol/PrescribedCompletion.lean.txt,outside retained dependency set,96f7890c2c57d974d0013ca4c21f859ed46dfddefbf3281d79d400f35ee7a2f3
GameTheoryExtensions/Analysis/Protocol/ReadoutBayesProjection.lean,archive/se-generalization/lean/GameTheoryExtensions/Analysis/Protocol/ReadoutBayesProjection.lean.txt,outside retained dependency set,bb09f04ec25abc0ae9feaeb52c40cee3ed387ba34fc1c4e30a4f0fef1a046c8e
GameTheoryExtensions/Analysis/Protocol/SupportedChoiceDomination.lean,archive/se-generalization/lean/GameTheoryExtensions/Analysis/Protocol/SupportedChoiceDomination.lean.txt,outside retained dependency set,fade3cf5bfebc2b2351ab5485833e9da0442f09cc90b9576ffb1d2213c98158e
GameTheoryExtensions/Analysis/Protocol/TerminalAuditContinuation.lean,archive/se-generalization/lean/GameTheoryExtensions/Analysis/Protocol/TerminalAuditContinuation.lean.txt,outside retained dependency set,a967898afe30fe941e60cfd77c7c57f9d93bdc87d8c5369bdf4d145de9ddb4c3
GameTheoryExtensions/Analysis/Protocol/TerminalPayoffCongruence.lean,archive/se-generalization/lean/GameTheoryExtensions/Analysis/Protocol/TerminalPayoffCongruence.lean.txt,outside retained dependency set,793c291306f08e744a6a038e613ba90ff8ab0e35bdd28c473169ac70d6c41e74
GameTheoryExtensions/Analysis/ZeroSumRegularization.lean,archive/se-generalization/lean/GameTheoryExtensions/Analysis/ZeroSumRegularization.lean.txt,outside retained dependency set,9f2853c4e34477828fd8cf7cf19d4af17147c1f4ac8574c07deab256bcd81c3d
GameTheoryExtensions/Core/RegularChoiceSimulation.lean,archive/se-generalization/lean/GameTheoryExtensions/Core/RegularChoiceSimulation.lean.txt,outside retained dependency set,37137f91eed412a7d074e2ebd12a78818bde0e4f38e9e94f7947012ba53d21b8
GameTheoryExtensions/Math/Probability/FirstDeparture.lean,archive/se-generalization/lean/GameTheoryExtensions/Math/Probability/FirstDeparture.lean.txt,outside retained dependency set,c2cca751e76077de43508cff8708506aedb9ffbc03eccca7f4afcac3037e65a5
GameTheoryExtensions/Math/Probability/RegularCoupling.lean,archive/se-generalization/lean/GameTheoryExtensions/Math/Probability/RegularCoupling.lean.txt,outside retained dependency set,db55bfb1049f02da59c5d00cfa21ac64e97425baf4578c010302907dd3b530c8
GameTheoryExtensions/Math/Probability/WeightedSet.lean,archive/se-generalization/lean/GameTheoryExtensions/Math/Probability/WeightedSet.lean.txt,outside retained dependency set,9bc06111c763c016a2641a5afd4e0072fa06312765790ee51c56848db7d339d7
GameTheoryExtensions/Protocol/Coalescing.lean,archive/se-generalization/lean/GameTheoryExtensions/Protocol/Coalescing.lean.txt,outside retained dependency set,777c1030e52cb221202efe003b5aebe1f0822aaf51e8ab24934c2653bc6d6925
GameTheoryExtensions/Protocol/CommittedContinuation.lean,archive/se-generalization/lean/GameTheoryExtensions/Protocol/CommittedContinuation.lean.txt,outside retained dependency set,b0549849539c50099c589749f7cd9db9047c72fc7588b34a5e6f8340f46f3523
GameTheoryExtensions/Protocol/SequentialChoices.lean,archive/se-generalization/lean/GameTheoryExtensions/Protocol/SequentialChoices.lean.txt,outside retained dependency set,bdf0968407b6c03a790f296341c8d43d85412b4d6cb1326b43555d0bee820389
Interaction/ChallengeWindow.lean,archive/se-generalization/lean/Interaction/ChallengeWindow.lean.txt,outside retained dependency set,f030ac09bc8686b29dd711e6e2075fb586b6532e33e8537181480e45decd55c5
Interaction/CommunicationHistory.lean,archive/se-generalization/lean/Interaction/CommunicationHistory.lean.txt,outside retained dependency set,7bbc5d992dba57427e50ce7b4f774159c5dd36200b2cb69919172bef1bee090b
Interaction/MessagePublishedObservation.lean,archive/se-generalization/lean/Interaction/MessagePublishedObservation.lean.txt,outside retained dependency set,7295b75faf292f1a5a0c3d2da4cf4aeb3b821af1c0f62a2187eb33f95c688b2d
Interaction/PendingWeighted.lean,archive/se-generalization/lean/Interaction/PendingWeighted.lean.txt,outside retained dependency set,7d002d034f9f24b686820cd39640b544e1773a90d2722204d521f26e37c93779
Interaction/ReactiveAssessmentDecoding.lean,archive/se-generalization/lean/Interaction/ReactiveAssessmentDecoding.lean.txt,outside retained dependency set,33a516b4c586f37b7c6b279705b8e0f5f38ab4824409219201ddbadc7f22936d
Interaction/ReactiveAssessmentEvaluation.lean,archive/se-generalization/lean/Interaction/ReactiveAssessmentEvaluation.lean.txt,outside retained dependency set,5763774931c216899a43310aa904be4dd0cc2af593bdcdecb94f22f0d5685a94
Interaction/ReactiveAuthorizedService.lean,archive/se-generalization/lean/Interaction/ReactiveAuthorizedService.lean.txt,outside retained dependency set,1400c2eb13075086207e98ca8028ec7c070e3d5912374cdbf3a8398f2936d6e8
Interaction/ReactiveCalendar.lean,archive/se-generalization/lean/Interaction/ReactiveCalendar.lean.txt,outside retained dependency set,07a74eae1cf462ee7cec27167b32d9289c055b236aa0d98e40dcda642e294311
Interaction/ReactiveConsistentAssessment.lean,archive/se-generalization/lean/Interaction/ReactiveConsistentAssessment.lean.txt,outside retained dependency set,8b78658ccaf12edb2f44060934aad3512845056589c0783e1bc4804cd99696e6
Interaction/ReactiveEvidenceKnowledge.lean,archive/se-generalization/lean/Interaction/ReactiveEvidenceKnowledge.lean.txt,outside retained dependency set,d129578ea16155b49aa08a8f57b995f0f476bf6cf6f65b95186dfa94443f0c39
Interaction/ReactiveEvidenceOrigin.lean,archive/se-generalization/lean/Interaction/ReactiveEvidenceOrigin.lean.txt,outside retained dependency set,17ab34d4d0af7b5ffbc0dc76ecf02a3f1c507c21a4b6ed403b516fa055e51256
Interaction/ReactiveImplementationCoupling.lean,archive/se-generalization/lean/Interaction/ReactiveImplementationCoupling.lean.txt,outside retained dependency set,76d20dadf2001937223cbe640746e352fb479c37a6a05f463cf1133f1e7db005
Interaction/ReactiveImplementationInvariant.lean,archive/se-generalization/lean/Interaction/ReactiveImplementationInvariant.lean.txt,outside retained dependency set,bd560f8521b0a2e870607d6e27378f818c65e5307c92270378edcbbb64153863
Interaction/ReactiveInvariantContinuation.lean,archive/se-generalization/lean/Interaction/ReactiveInvariantContinuation.lean.txt,outside retained dependency set,dc663b46977ec211cc8b3edc857fb8440b58550a8baf6e46ca6eb2abb3496d64
Interaction/ReactiveKnowledge.lean,archive/se-generalization/lean/Interaction/ReactiveKnowledge.lean.txt,outside retained dependency set,cebe7e2e4eacbe9cb3f110670923fd623ba09a9ddd28cb9ecf0b4248866250ae
Interaction/ReactiveMessageReadout.lean,archive/se-generalization/lean/Interaction/ReactiveMessageReadout.lean.txt,outside retained dependency set,0fc84265823b813e3f6a241d00ad843e58231af0b3b304956d45c0a5e4c352a7
Interaction/ReactiveObservationRestriction.lean,archive/se-generalization/lean/Interaction/ReactiveObservationRestriction.lean.txt,outside retained dependency set,f94b4a6c3eb7767b9b6cf3367520d418f0b98ca0a04cacc5382f89cf859f00b6
Interaction/ReactivePassageBayes.lean,archive/se-generalization/lean/Interaction/ReactivePassageBayes.lean.txt,outside retained dependency set,68246aca9d9c765e508ee1ca9ba5a2e9a4649d4203b23539cec759816049df55
Interaction/ReactivePendingRetention.lean,archive/se-generalization/lean/Interaction/ReactivePendingRetention.lean.txt,outside retained dependency set,cdf4b7b071fde2add1c58d2b4802ee0f0468458edccc3bb2972a8b54bb368a9e
Interaction/ReactiveRecordedResponse.lean,archive/se-generalization/lean/Interaction/ReactiveRecordedResponse.lean.txt,outside retained dependency set,1207efab0dc9a60b00a5d30647230f1cc776cbb72736117cb0bb31ee9bd833c4
Interaction/ReactiveResponseKernel.lean,archive/se-generalization/lean/Interaction/ReactiveResponseKernel.lean.txt,outside retained dependency set,abc4ed23422957faee25ee818f2bce4fb22e62266192467d1c68f9c73c0c116e
Interaction/ReactiveSelection.lean,archive/se-generalization/lean/Interaction/ReactiveSelection.lean.txt,outside retained dependency set,930d0436654afe786f11e2a4c3d6ea306e86768de2677aa34693629d791e525f
Interaction/ReactiveSubgamePrefix.lean,archive/se-generalization/lean/Interaction/ReactiveSubgamePrefix.lean.txt,outside retained dependency set,7099a0d59f1646cdac30e3157f4bed2149802c0c4b683254d468d76cd4abe20e
Interaction/ReactiveSubmissionRounds.lean,archive/se-generalization/lean/Interaction/ReactiveSubmissionRounds.lean.txt,outside retained dependency set,95d5718a25000bc2e2d06c6a4b94eeb2e20744f9f2126a540736c2d62d81727a
Interaction/ReactiveSupportedMenuPolicy.lean,archive/se-generalization/lean/Interaction/ReactiveSupportedMenuPolicy.lean.txt,outside retained dependency set,76554c516d9a8768a09422596a5c7894276561c14fb040cf0e3660d634690369
Interaction/ReactiveTraceDepth.lean,archive/se-generalization/lean/Interaction/ReactiveTraceDepth.lean.txt,outside retained dependency set,95c9a8133187903d56f9bed278c4c74798a392bf96387bfd3fb0958efc927b97
Interaction/ReactiveUniformResponse.lean,archive/se-generalization/lean/Interaction/ReactiveUniformResponse.lean.txt,outside retained dependency set,2141ce50e3b7373fc269597cace871ef88fce92673375a936b0863178a2c0d5c
Interaction/ReactiveUniformService.lean,archive/se-generalization/lean/Interaction/ReactiveUniformService.lean.txt,outside retained dependency set,6f3017cd7f79ed90be705f13063ee2ab68b34aaace6f2a0f80def5dfbcbdce52
Vegas/EventGraph/SampleProvenance.lean,archive/se-generalization/lean/Vegas/EventGraph/SampleProvenance.lean.txt,outside retained dependency set,1004fe0a9f642e847bcfab7ba60dc1d64ac0af4bc2c35a87cdc418f69f7679db
Vegas/Examples/BehavioralProtocol.lean,archive/se-generalization/lean/Vegas/Examples/BehavioralProtocol.lean.txt,outside retained dependency set,53fd8f6c6bf2f1ed47fc1e3e642402893f6cb24eee0004f738312f94f19950d2
Vegas/Examples/CommunicationDisclosure.lean,archive/se-generalization/lean/Vegas/Examples/CommunicationDisclosure.lean.txt,outside retained dependency set,4c6f9cb4689ee76996d03bbc97e7c2a12e73566088232554ca061e6b34fc2644
Vegas/Examples/CommunicationNative.lean,archive/se-generalization/lean/Vegas/Examples/CommunicationNative.lean.txt,outside retained dependency set,c08897d29ad3f7c3d9180ebad0235836b74d70539489cf22c518b726ebc4bc12
Vegas/Examples/CommunicationPending.lean,archive/se-generalization/lean/Vegas/Examples/CommunicationPending.lean.txt,outside retained dependency set,b0c6063e643635800acda52c88612a2b49bbb3de1a9ac79e02a4381d4a9cc406
Vegas/Examples/CommunicationSequentialEquilibrium.lean,archive/se-generalization/lean/Vegas/Examples/CommunicationSequentialEquilibrium.lean.txt,outside retained dependency set,6825ee650bb0ac24aaf4ce2870acb849ad80c3d6723b3faac83f05cae9dcbe1a
Vegas/Examples/CommunicationSequentialNative.lean,archive/se-generalization/lean/Vegas/Examples/CommunicationSequentialNative.lean.txt,outside retained dependency set,7b9927884d60e5fe590ab4fc9df48e4f3f3f1fb6fe92e06a06db60a305103e05
Vegas/Examples/CommunicationSequentialReach.lean,archive/se-generalization/lean/Vegas/Examples/CommunicationSequentialReach.lean.txt,outside retained dependency set,00d86943596fc8b029e76c739210454e527a290ad72d1ba1a82b644c4790dc6b
Vegas/Examples/CommunicationServiceAuthorization.lean,archive/se-generalization/lean/Vegas/Examples/CommunicationServiceAuthorization.lean.txt,outside retained dependency set,9e633678e14255127f44b2bae72710b8998405f015628b384519cd494085050d
Vegas/Examples/CommunicationServiceOmission.lean,archive/se-generalization/lean/Vegas/Examples/CommunicationServiceOmission.lean.txt,outside retained dependency set,d61c41e9a00f1a68734430751c57fece538be1295b6c3c11a17b49b6de8b5dff
Vegas/Examples/CommunicationServiceOpportunity.lean,archive/se-generalization/lean/Vegas/Examples/CommunicationServiceOpportunity.lean.txt,outside retained dependency set,4fa3d88d72ff8deb22dd3533e24f312d5131f18a2992288f7cce13a9ae07ebc3
Vegas/Examples/CommunicationServiceRecovery.lean,archive/se-generalization/lean/Vegas/Examples/CommunicationServiceRecovery.lean.txt,outside retained dependency set,1cc24f0391f820d88102218c120c2209b277744b34b1e573b9895b71c8bed8f2
Vegas/Examples/ContinuationRecovery.lean,archive/se-generalization/lean/Vegas/Examples/ContinuationRecovery.lean.txt,outside retained dependency set,839e0f10005a90166fa8c7fffacb03a7e0fb61fd8eead9fc49bcf20edd722a77
Vegas/Examples/DisclosureMonitoring.lean,archive/se-generalization/lean/Vegas/Examples/DisclosureMonitoring.lean.txt,outside retained dependency set,4f15df97dce5b2b5ea1385aaf4de845666cc4b42a6c6e9f053121e1e07a30fa6
Vegas/Examples/EventService.lean,archive/se-generalization/lean/Vegas/Examples/EventService.lean.txt,outside retained dependency set,38bacc38304a3ff1e20e261e7db91b87be96d970dcfabee5a751eccae47c468f
Vegas/Examples/InFlightCommitment.lean,archive/se-generalization/lean/Vegas/Examples/InFlightCommitment.lean.txt,outside retained dependency set,17cba5ae11fbcdb0add19713c0edb19cd9f9123bf47ce7656ba162bd5e6c5082
Vegas/Examples/LateResolutionCompletedContinuation.lean,archive/se-generalization/lean/Vegas/Examples/LateResolutionCompletedContinuation.lean.txt,outside retained dependency set,17fe087d3777c2d9a17cd81b6b3ded3da27c8ac06370ecb42825f5c3c47e0703
Vegas/Examples/LateResolutionContinuation.lean,archive/se-generalization/lean/Vegas/Examples/LateResolutionContinuation.lean.txt,outside retained dependency set,934803f38b873a0079d0c9f3c4edb1b48231fdc6389b28d5d7f80030f181338f
Vegas/Examples/LateResolutionEffectiveExtension.lean,archive/se-generalization/lean/Vegas/Examples/LateResolutionEffectiveExtension.lean.txt,outside retained dependency set,c999228e50487082e053e7921c8d4fd7a5e215d3a317a1448394a20993c42b3e
Vegas/Examples/LateResolutionExtensionResources.lean,archive/se-generalization/lean/Vegas/Examples/LateResolutionExtensionResources.lean.txt,outside retained dependency set,9596627b96ecfd48f5256b8004e014715f7fcc974f84cabb2b65f8c2fc455b66
Vegas/Examples/LateResolutionFirstActivation.lean,archive/se-generalization/lean/Vegas/Examples/LateResolutionFirstActivation.lean.txt,outside retained dependency set,9deff05a62af67b8419ee5ce1416de03f4dd34f22c25133ab381175f521dcdf4
Vegas/Examples/LateResolutionFirstDecision.lean,archive/se-generalization/lean/Vegas/Examples/LateResolutionFirstDecision.lean.txt,outside retained dependency set,da0cbc5730a9a9966e7dd90f6d0276751e8207af9d3d8e713acad61309136c01
Vegas/Examples/LateResolutionFirstOptimality.lean,archive/se-generalization/lean/Vegas/Examples/LateResolutionFirstOptimality.lean.txt,outside retained dependency set,bf8178f005bbcb73c5a2b983a86ea2647a2e33c1e85b0e52765d361c3b53bac3
Vegas/Examples/LateResolutionFirstPayoff.lean,archive/se-generalization/lean/Vegas/Examples/LateResolutionFirstPayoff.lean.txt,outside retained dependency set,f2467fa2535a417363b47e236ced81adaa3d3ae6b4680f5c27ea14b1de04fa03
Vegas/Examples/LateResolutionFreeEquilibrium.lean,archive/se-generalization/lean/Vegas/Examples/LateResolutionFreeEquilibrium.lean.txt,outside retained dependency set,8e4cedb9c1d4f8344fc8f38cea63d3f667d896ce9b7118aa8489986f8b4c0322
Vegas/Examples/LateResolutionFreeLate.lean,archive/se-generalization/lean/Vegas/Examples/LateResolutionFreeLate.lean.txt,outside retained dependency set,287d54a84776c9ee979c8c486a1692190284d2fa2b98e6b7bb9dc893aad073f0
Vegas/Examples/LateResolutionNativeContinuation.lean,archive/se-generalization/lean/Vegas/Examples/LateResolutionNativeContinuation.lean.txt,outside retained dependency set,b9e5d4ff23055c37d56bb805983170e3a4246a8bc72687b84aa676763902881c
Vegas/Examples/LateResolutionNativeInformation.lean,archive/se-generalization/lean/Vegas/Examples/LateResolutionNativeInformation.lean.txt,outside retained dependency set,a012a239301ac4e2ede0d828bff9fe43a426b62fed9871cc09582703408ac338
Vegas/Examples/LateResolutionNativePerturbation.lean,archive/se-generalization/lean/Vegas/Examples/LateResolutionNativePerturbation.lean.txt,outside retained dependency set,e69972fb156ba0ca8a8fca59822cd5451c574b1f3d171ebdf748eac63eb5b24b
Vegas/Examples/LateResolutionNativeRationality.lean,archive/se-generalization/lean/Vegas/Examples/LateResolutionNativeRationality.lean.txt,outside retained dependency set,6f7b9c3fe3759d25317eb3364149daca034a01cb19b97126302001cf3c2ce3ac
Vegas/Examples/LateResolutionNativeSite.lean,archive/se-generalization/lean/Vegas/Examples/LateResolutionNativeSite.lean.txt,outside retained dependency set,486d921c200c5fc6bda4002bcc2889198df65bd07203fcf06f8801f64d4e86b1
Vegas/Examples/LateResolutionNativeSites.lean,archive/se-generalization/lean/Vegas/Examples/LateResolutionNativeSites.lean.txt,outside retained dependency set,ebae9530c8d3fa08fb28f9a23d41b4fe2525c3e6620e5dddf4cd03bb85393267
Vegas/Examples/LateResolutionPreservation.lean,archive/se-generalization/lean/Vegas/Examples/LateResolutionPreservation.lean.txt,outside retained dependency set,3077ac992e0ea80e8ceb78280f775e5771b371faeb0a21435102b36030693bca
Vegas/Examples/LateResolutionRawPreservation.lean,archive/se-generalization/lean/Vegas/Examples/LateResolutionRawPreservation.lean.txt,outside retained dependency set,9148e1df671b598c72046a119f4f113aa861cf001c8a4c4f5805cd43939c54f0
Vegas/Examples/LateResolutionService.lean,archive/se-generalization/lean/Vegas/Examples/LateResolutionService.lean.txt,outside retained dependency set,1d9f8172b7d9456194d1848d6156a6807157e045468f53ae09ae62bf3b1118e1
Vegas/Examples/LateResolutionSourceEquilibrium.lean,archive/se-generalization/lean/Vegas/Examples/LateResolutionSourceEquilibrium.lean.txt,outside retained dependency set,0a57effc8ba32bca11fe940e3cef2d7ba0f5321881ca2e21084a2256d675c297
Vegas/Examples/MonitoredGuessing.lean,archive/se-generalization/lean/Vegas/Examples/MonitoredGuessing.lean.txt,outside retained dependency set,97feda3be836951b77dea64f8195acc6d167c8471f41a2311f70f4135053e9e1
Vegas/Examples/MonitoredGuessing/Assessment.lean,archive/se-generalization/lean/Vegas/Examples/MonitoredGuessing/Assessment.lean.txt,outside retained dependency set,436d254301701394aeb414b49a3706008682f7a0c22bdadebf2ce7fa33db225d
Vegas/Examples/MonitoredGuessing/BobConformance.lean,archive/se-generalization/lean/Vegas/Examples/MonitoredGuessing/BobConformance.lean.txt,outside retained dependency set,ea725b3f9e5bac40f9207bac57818b8d39ea8a1c594ca6d3e088f4a80fbc13f8
Vegas/Examples/MonitoredGuessing/BobContinuation.lean,archive/se-generalization/lean/Vegas/Examples/MonitoredGuessing/BobContinuation.lean.txt,outside retained dependency set,5c94cc3bf58cb72d14fa4cfe211819cae3497897ca035b640bb819df477fac9c
Vegas/Examples/MonitoredGuessing/BobContinuationTrace.lean,archive/se-generalization/lean/Vegas/Examples/MonitoredGuessing/BobContinuationTrace.lean.txt,outside retained dependency set,e71090c099ecc2d99aa034d769dedb6c19eeb7448d24e43334a66e61116ade72
Vegas/Examples/MonitoredGuessing/BobDeterrence.lean,archive/se-generalization/lean/Vegas/Examples/MonitoredGuessing/BobDeterrence.lean.txt,outside retained dependency set,67ba3f0c2897671f5eee28c5394410012ce1bdb0a904b0404cb487557edf906c
Vegas/Examples/MonitoredGuessing/BobIgnored.lean,archive/se-generalization/lean/Vegas/Examples/MonitoredGuessing/BobIgnored.lean.txt,outside retained dependency set,854938613d790f9eb779c6b5463a0e5a7a9b3fb17a8daeb3c519ed45daec8fca
Vegas/Examples/MonitoredGuessing/Compilation.lean,archive/se-generalization/lean/Vegas/Examples/MonitoredGuessing/Compilation.lean.txt,outside retained dependency set,8b4b9bf544e1c43ab1bf5741a0312d734c307fe1e3d44a2ef1ec77fe9fb723c4
Vegas/Examples/MonitoredGuessing/Conformance.lean,archive/se-generalization/lean/Vegas/Examples/MonitoredGuessing/Conformance.lean.txt,outside retained dependency set,1f5a8231d7bd0162cdcc3c4ab6f172236d47171db6a5eb0765c4c07ab8b7bee9
Vegas/Examples/MonitoredGuessing/DeclaredCompilation.lean,archive/se-generalization/lean/Vegas/Examples/MonitoredGuessing/DeclaredCompilation.lean.txt,outside retained dependency set,da16ade9ab5f3624cf60422530ac2efdaa8e4470a91185d58e5ea2f098f7471c
Vegas/Examples/MonitoredGuessing/EnforcementPayoffs.lean,archive/se-generalization/lean/Vegas/Examples/MonitoredGuessing/EnforcementPayoffs.lean.txt,outside retained dependency set,a9dd7a4c9c983e246efafe105c41fd3ff4988d8afb2fdd6f496530a9e54a9219
Vegas/Examples/MonitoredGuessing/Equilibrium.lean,archive/se-generalization/lean/Vegas/Examples/MonitoredGuessing/Equilibrium.lean.txt,outside retained dependency set,95e42686c75aed40ccaf28c43e70913f55ca1a1ba2e615ab930d159032d3e472
Vegas/Examples/MonitoredGuessing/FinalComparison.lean,archive/se-generalization/lean/Vegas/Examples/MonitoredGuessing/FinalComparison.lean.txt,outside retained dependency set,d4360f498aabe0e966f70131898b45becd5b0e3173db4e2c37f342691637961c
Vegas/Examples/MonitoredGuessing/Game.lean,archive/se-generalization/lean/Vegas/Examples/MonitoredGuessing/Game.lean.txt,outside retained dependency set,9b65436cd815ffc866a0bbd31f9dc29928f575362dd3afb705e1f1a30f6f4b64
Vegas/Examples/MonitoredGuessing/Native.lean,archive/se-generalization/lean/Vegas/Examples/MonitoredGuessing/Native.lean.txt,outside retained dependency set,00928fc17e9132292f143c950f6e7a64853278b86fa07687b8d24148c0ef95f4
Vegas/Examples/MonitoredGuessing/NativeAuditFacts.lean,archive/se-generalization/lean/Vegas/Examples/MonitoredGuessing/NativeAuditFacts.lean.txt,outside retained dependency set,5d5530932bb0f4cddad0bef871e5f0be79e04d6be324ad09204da0ef18ab340a
Vegas/Examples/MonitoredGuessing/NativeBeliefs.lean,archive/se-generalization/lean/Vegas/Examples/MonitoredGuessing/NativeBeliefs.lean.txt,outside retained dependency set,859bd671dc40e59fd02bf48d37680066058f28325922ff64e78113ebb11dcad5
Vegas/Examples/MonitoredGuessing/NativeChronology.lean,archive/se-generalization/lean/Vegas/Examples/MonitoredGuessing/NativeChronology.lean.txt,outside retained dependency set,e36112e0019c66fa0cc044027a6b845d1b0e8be5b15ba179548b7f42412b9eb2
Vegas/Examples/MonitoredGuessing/NativeClock.lean,archive/se-generalization/lean/Vegas/Examples/MonitoredGuessing/NativeClock.lean.txt,outside retained dependency set,aa4f32d6a6c5e09412de268fae31dabb3d57edacc7c7c0c25c0268fe4c95895b
Vegas/Examples/MonitoredGuessing/NativeCollection.lean,archive/se-generalization/lean/Vegas/Examples/MonitoredGuessing/NativeCollection.lean.txt,outside retained dependency set,db8b06e719139cd482456bd52f6feb8060265f265a415e36e9c1cbd11153e58a
Vegas/Examples/MonitoredGuessing/NativeDepth.lean,archive/se-generalization/lean/Vegas/Examples/MonitoredGuessing/NativeDepth.lean.txt,outside retained dependency set,d8447fd055880df5c6bd8acb71eb26588c51f9e572bc4e94b6e2057ac2c732b0
Vegas/Examples/MonitoredGuessing/NativeGuess.lean,archive/se-generalization/lean/Vegas/Examples/MonitoredGuessing/NativeGuess.lean.txt,outside retained dependency set,a97f4f75415189aa3b35a049b36d73f06dd25793d254d565f20222b20dccdfd0
Vegas/Examples/MonitoredGuessing/NativeHistory.lean,archive/se-generalization/lean/Vegas/Examples/MonitoredGuessing/NativeHistory.lean.txt,outside retained dependency set,ea949ab896c7b29c5c32e4fbed9f33c11d37ca89d49d4e13852c8f8cb54f3fe0
Vegas/Examples/MonitoredGuessing/NativeHonest.lean,archive/se-generalization/lean/Vegas/Examples/MonitoredGuessing/NativeHonest.lean.txt,outside retained dependency set,52df60d9d045a63e498266cd9a1a9b74e2310c5b2bb3f18ce087e0690f6c9b74
Vegas/Examples/MonitoredGuessing/NativeInitial.lean,archive/se-generalization/lean/Vegas/Examples/MonitoredGuessing/NativeInitial.lean.txt,outside retained dependency set,c3ba41c82be3d581ead27013d25f4548a50f18f76d26fd8d25231bb3bd0ed043
Vegas/Examples/MonitoredGuessing/NativeInitialRationality.lean,archive/se-generalization/lean/Vegas/Examples/MonitoredGuessing/NativeInitialRationality.lean.txt,outside retained dependency set,fffc73af9a3ffb7b8e81fddefce2e3f31b075082883a5b58244b5722a9669b91
Vegas/Examples/MonitoredGuessing/NativeLaw.lean,archive/se-generalization/lean/Vegas/Examples/MonitoredGuessing/NativeLaw.lean.txt,outside retained dependency set,d290e6a4e9b8f0041f7f0de5f4e4229fbd9a8dc21098b727f9ff6d0ccdc1d225
Vegas/Examples/MonitoredGuessing/NativeLiability.lean,archive/se-generalization/lean/Vegas/Examples/MonitoredGuessing/NativeLiability.lean.txt,outside retained dependency set,d33cc2b670c13a0c520ee08d264ecdc248654125367acd4bad14560ad52582f2
Vegas/Examples/MonitoredGuessing/NativeMonitoring.lean,archive/se-generalization/lean/Vegas/Examples/MonitoredGuessing/NativeMonitoring.lean.txt,outside retained dependency set,2ac75192a3bc1719e07a371b1b2f5838fb02afd2a3327b5785846f5ca75244a6
Vegas/Examples/MonitoredGuessing/NativeOutcome.lean,archive/se-generalization/lean/Vegas/Examples/MonitoredGuessing/NativeOutcome.lean.txt,outside retained dependency set,97be70519db98f3418081c0410d0d6ae6a4fbe8ff90b5cc638606e924ebb154b
Vegas/Examples/MonitoredGuessing/NativePayoff.lean,archive/se-generalization/lean/Vegas/Examples/MonitoredGuessing/NativePayoff.lean.txt,outside retained dependency set,3fe294d3a8061ff74c42ad1c695149bcc4c915922a4e4b56c005a2f571ad967b
Vegas/Examples/MonitoredGuessing/NativePrelude.lean,archive/se-generalization/lean/Vegas/Examples/MonitoredGuessing/NativePrelude.lean.txt,outside retained dependency set,06df1b395614b4097775832b1f13cd387d72541761437971e7976e9463dc69dc
Vegas/Examples/MonitoredGuessing/NativeProfile.lean,archive/se-generalization/lean/Vegas/Examples/MonitoredGuessing/NativeProfile.lean.txt,outside retained dependency set,12616f794a522168688c093abc21b95f2229e0fb569710a0338843ca28be7806
Vegas/Examples/MonitoredGuessing/NativeReceiver.lean,archive/se-generalization/lean/Vegas/Examples/MonitoredGuessing/NativeReceiver.lean.txt,outside retained dependency set,5cedb541d0e74802f7f2b1e5544b8d6d38ee7f8f7e641420613ad350341f2084
Vegas/Examples/MonitoredGuessing/NativeReceiverRationality.lean,archive/se-generalization/lean/Vegas/Examples/MonitoredGuessing/NativeReceiverRationality.lean.txt,outside retained dependency set,5b73dc3351330db89edff01d27459f4830982e7d3fc819701c16a2f863fb439d
Vegas/Examples/MonitoredGuessing/NativeReceiverValue.lean,archive/se-generalization/lean/Vegas/Examples/MonitoredGuessing/NativeReceiverValue.lean.txt,outside retained dependency set,765728ea4e297dc8177aa18c5768f21346082f01cd54502266b890d1d04f6312
Vegas/Examples/MonitoredGuessing/NativeResolution.lean,archive/se-generalization/lean/Vegas/Examples/MonitoredGuessing/NativeResolution.lean.txt,outside retained dependency set,2ee7825e9681a5eefc5f834af1b07f018b4af313d9e54383953dd2172b35bf03
Vegas/Examples/MonitoredGuessing/NativeResolutionFinal.lean,archive/se-generalization/lean/Vegas/Examples/MonitoredGuessing/NativeResolutionFinal.lean.txt,outside retained dependency set,cef9642d4c191aa3d5d297a5aa11191b9d313acdcd8704fbb77f6603fcb97018
Vegas/Examples/MonitoredGuessing/NativeResolutionIncentives.lean,archive/se-generalization/lean/Vegas/Examples/MonitoredGuessing/NativeResolutionIncentives.lean.txt,outside retained dependency set,7100a07b35d5ca03def1fcf1825cfae2b5bdbba7b3b498de946f81d0dccc32bc
Vegas/Examples/MonitoredGuessing/NativeResolutionService.lean,archive/se-generalization/lean/Vegas/Examples/MonitoredGuessing/NativeResolutionService.lean.txt,outside retained dependency set,088a4be9967ccbb02e55fae52ffce5e08102db289669874e23e35a6d5adb0859
Vegas/Examples/MonitoredGuessing/NativeResolutionTail.lean,archive/se-generalization/lean/Vegas/Examples/MonitoredGuessing/NativeResolutionTail.lean.txt,outside retained dependency set,1f129c440b0e23690b27e52fc874c3615df95554a5287653f443cb4ed92c8e28
Vegas/Examples/MonitoredGuessing/NativeResponses.lean,archive/se-generalization/lean/Vegas/Examples/MonitoredGuessing/NativeResponses.lean.txt,outside retained dependency set,ac33f56b7bd0ecab3900a38abac3716529a29fdef3bf521883f26e154ae8c56f
Vegas/Examples/MonitoredGuessing/NativeSanctions.lean,archive/se-generalization/lean/Vegas/Examples/MonitoredGuessing/NativeSanctions.lean.txt,outside retained dependency set,225e8ca15ef78d822f3a9b324e2c4f6201a9200189687fa162bd91678eab41b4
Vegas/Examples/MonitoredGuessing/NativeSchedule.lean,archive/se-generalization/lean/Vegas/Examples/MonitoredGuessing/NativeSchedule.lean.txt,outside retained dependency set,852985b943dbaa476de31a5089c75fabcd1385dd6d7bd6b08f774199f7191bdc
Vegas/Examples/MonitoredGuessing/NativeSettlement.lean,archive/se-generalization/lean/Vegas/Examples/MonitoredGuessing/NativeSettlement.lean.txt,outside retained dependency set,867d4bc2f3a065ff0ad8b40212c5ca9eef395ef300d10e7f1d5cdd8dad719dda
Vegas/Examples/MonitoredGuessing/NativeTerminalSupport.lean,archive/se-generalization/lean/Vegas/Examples/MonitoredGuessing/NativeTerminalSupport.lean.txt,outside retained dependency set,f1dc55f4322c08e5d02187bf9fc62c651618458c54a5e213f5d65cfc479337e6
Vegas/Examples/MonitoredGuessing/NativeUnfinished.lean,archive/se-generalization/lean/Vegas/Examples/MonitoredGuessing/NativeUnfinished.lean.txt,outside retained dependency set,815fbbfb6f82c72f9dec22f92fd2308fe54c90db2aff1db8c7b74a0bf9eb0869
Vegas/Examples/MonitoredGuessing/PayoffBounds.lean,archive/se-generalization/lean/Vegas/Examples/MonitoredGuessing/PayoffBounds.lean.txt,outside retained dependency set,f256f6498ff983da32b8f3fdf5357a5e8d0b1200735c2b86c0e6a2403ba0a5bc
Vegas/Examples/MonitoredGuessing/PayoffInference.lean,archive/se-generalization/lean/Vegas/Examples/MonitoredGuessing/PayoffInference.lean.txt,outside retained dependency set,4866690ce4e3d76f57bf8897b4317fa6ff495f1dcbbc0fd6686388db9cea1fe2
Vegas/Examples/MonitoredGuessing/PayoffLaw.lean,archive/se-generalization/lean/Vegas/Examples/MonitoredGuessing/PayoffLaw.lean.txt,outside retained dependency set,2dd571988e64de675ce538746f036f99cc606b9ec961558c1eb0442e5d485c8f
Vegas/Examples/MonitoredGuessing/PayoffProtocol.lean,archive/se-generalization/lean/Vegas/Examples/MonitoredGuessing/PayoffProtocol.lean.txt,outside retained dependency set,7948be2c21969d4ac497e3c07473a944d2f8fbf0c602f99fbc0f354541b4af38
Vegas/Examples/MonitoredGuessing/Payoffs.lean,archive/se-generalization/lean/Vegas/Examples/MonitoredGuessing/Payoffs.lean.txt,outside retained dependency set,f0ec687f7d9e5390de4c870ce15470d5961255ba8830aaa626e26966f42c1e52
Vegas/Examples/MonitoredGuessing/Restricted.lean,archive/se-generalization/lean/Vegas/Examples/MonitoredGuessing/Restricted.lean.txt,outside retained dependency set,97fd5e8564d981e7aa1e2d6fb0e6f56d0b50236b9d5bf244ba096afba2596337
Vegas/Examples/MonitoredGuessing/RestrictedAliceSupport.lean,archive/se-generalization/lean/Vegas/Examples/MonitoredGuessing/RestrictedAliceSupport.lean.txt,outside retained dependency set,aea3c5dc287aa5cf32fa750189e4eefc3a6b50abf2268070982cbe781030be49
Vegas/Examples/MonitoredGuessing/RestrictedBeliefs.lean,archive/se-generalization/lean/Vegas/Examples/MonitoredGuessing/RestrictedBeliefs.lean.txt,outside retained dependency set,d1d5c64447e90d297a52fad93bdbec142b818241c61999780bf22d2294edfd2b
Vegas/Examples/MonitoredGuessing/RestrictedBobComparisons.lean,archive/se-generalization/lean/Vegas/Examples/MonitoredGuessing/RestrictedBobComparisons.lean.txt,outside retained dependency set,d447e1cefb4dd299b6bcf9d1eead4662f8024ab33cabf71c3afb8bdddcfcefb9
Vegas/Examples/MonitoredGuessing/RestrictedClock.lean,archive/se-generalization/lean/Vegas/Examples/MonitoredGuessing/RestrictedClock.lean.txt,outside retained dependency set,a1b886bcd16a986a0fc96b5897e2e4be7435021a8b6b1924951c1105533c5dfc
Vegas/Examples/MonitoredGuessing/RestrictedComparator.lean,archive/se-generalization/lean/Vegas/Examples/MonitoredGuessing/RestrictedComparator.lean.txt,outside retained dependency set,9baaac7382eb538dfc3fbb9c1e6c282b096b0a44555068b11fdd851ff1c4e305
Vegas/Examples/MonitoredGuessing/RestrictedComparisons.lean,archive/se-generalization/lean/Vegas/Examples/MonitoredGuessing/RestrictedComparisons.lean.txt,outside retained dependency set,b2a814158ce1fcd8be39b72d1e964e5a25e40e9b320f95d9d2d32aff708c93c0
Vegas/Examples/MonitoredGuessing/RestrictedEquilibrium.lean,archive/se-generalization/lean/Vegas/Examples/MonitoredGuessing/RestrictedEquilibrium.lean.txt,outside retained dependency set,2f25b55fd06364722ca1f97423021b1a2344c2b3bfde2d82252b23705e422b30
Vegas/Examples/MonitoredGuessing/RestrictedEvaluation.lean,archive/se-generalization/lean/Vegas/Examples/MonitoredGuessing/RestrictedEvaluation.lean.txt,outside retained dependency set,f8b47fbee18882806521dea17d075b67f78e706c7afc4b2b36b4c1d95d6d0f76
Vegas/Examples/MonitoredGuessing/RestrictedExecution.lean,archive/se-generalization/lean/Vegas/Examples/MonitoredGuessing/RestrictedExecution.lean.txt,outside retained dependency set,c36cf9ab37bbe1d1af086174fb6f4f7f3ab9cd64391054af88560d5552816cc5
Vegas/Examples/MonitoredGuessing/RestrictedExtension.lean,archive/se-generalization/lean/Vegas/Examples/MonitoredGuessing/RestrictedExtension.lean.txt,outside retained dependency set,a535ad0238e5a5f2321459519b578c4931fbf4255b291536ccef1db4039b2225
Vegas/Examples/MonitoredGuessing/RestrictedFinalComparison.lean,archive/se-generalization/lean/Vegas/Examples/MonitoredGuessing/RestrictedFinalComparison.lean.txt,outside retained dependency set,499b814b4df8d746c4c3dd5d409d84f5f059f436ad196c6bed28946985bbb403
Vegas/Examples/MonitoredGuessing/RestrictedInformation.lean,archive/se-generalization/lean/Vegas/Examples/MonitoredGuessing/RestrictedInformation.lean.txt,outside retained dependency set,2dd8435c97c75bd01d447bc3ceb1c9df036616702e8a3d552488f4850c6f3486
Vegas/Examples/MonitoredGuessing/RestrictedInitialComparison.lean,archive/se-generalization/lean/Vegas/Examples/MonitoredGuessing/RestrictedInitialComparison.lean.txt,outside retained dependency set,41914bbb4ca4d28dd901d47aac5e94784530c5f3f9df0063d0a6b74014991aca
Vegas/Examples/MonitoredGuessing/RestrictedLaw.lean,archive/se-generalization/lean/Vegas/Examples/MonitoredGuessing/RestrictedLaw.lean.txt,outside retained dependency set,c1dba3daa9d4e2e9388557d2e491600486bb3688947c82546116c7e17a5fb4d2
Vegas/Examples/MonitoredGuessing/RestrictedPolicy.lean,archive/se-generalization/lean/Vegas/Examples/MonitoredGuessing/RestrictedPolicy.lean.txt,outside retained dependency set,9b5f339c8ea888f0a487f00c1b9bd746fbe84db15e4f53ec3b0d26dece93ad6d
Vegas/Examples/MonitoredGuessing/RestrictedSourceValues.lean,archive/se-generalization/lean/Vegas/Examples/MonitoredGuessing/RestrictedSourceValues.lean.txt,outside retained dependency set,c37cfc43587d7d6ab2070141fa09302fc6cf006595332ddc744ac8ae9c25879f
Vegas/Examples/MonitoredGuessing/RestrictedSupport.lean,archive/se-generalization/lean/Vegas/Examples/MonitoredGuessing/RestrictedSupport.lean.txt,outside retained dependency set,b08ab0256632267dd7fd8a9a0ba1893a90894a1406671d835676ef73bb78270c
Vegas/Examples/MonitoredGuessing/RestrictedValues.lean,archive/se-generalization/lean/Vegas/Examples/MonitoredGuessing/RestrictedValues.lean.txt,outside retained dependency set,b4fe460d49e5582067000e64d378d98f08c24ef01274c48cb9d5f76aa8ebf19a
Vegas/Examples/MonitoredGuessing/Source.lean,archive/se-generalization/lean/Vegas/Examples/MonitoredGuessing/Source.lean.txt,outside retained dependency set,821676362e75f06388c7431026a52eb19dcb0982dc6f8a685f9c366f385662bd
Vegas/Examples/MonitoredGuessing/SourceEquilibrium.lean,archive/se-generalization/lean/Vegas/Examples/MonitoredGuessing/SourceEquilibrium.lean.txt,outside retained dependency set,63045f008fcd57f4073c2ef3ae3b9f6cdf23bc44cf0e66eadf52b0ac39a4e4e3
Vegas/Examples/MonitoredGuessing/SourceEvaluation.lean,archive/se-generalization/lean/Vegas/Examples/MonitoredGuessing/SourceEvaluation.lean.txt,outside retained dependency set,3f4759648c9966b638dde7983dd16d92634be42c5c2e02723cc028f7e816911c
Vegas/Examples/MonitoredGuessing/SourceInformation.lean,archive/se-generalization/lean/Vegas/Examples/MonitoredGuessing/SourceInformation.lean.txt,outside retained dependency set,0f7351fa60948d49479ea388baa072367691015e34861d89e5b41a197d0ed308
Vegas/Examples/MonitoredGuessing/SourceKernel.lean,archive/se-generalization/lean/Vegas/Examples/MonitoredGuessing/SourceKernel.lean.txt,outside retained dependency set,e27cf7dd66b839595c9b8a86695d1fb5158ab5a9442ea8f36c085127c4630ebf
Vegas/Examples/MonitoredGuessing/TableSettlement.lean,archive/se-generalization/lean/Vegas/Examples/MonitoredGuessing/TableSettlement.lean.txt,outside retained dependency set,53deefa9163576cc55e2f89611daef1d87731d6a7ccf2802ac4356509889b3a9
Vegas/Examples/MonitoredGuessing/WatcherExtension.lean,archive/se-generalization/lean/Vegas/Examples/MonitoredGuessing/WatcherExtension.lean.txt,outside retained dependency set,457ce0250ea01b80edf601606733d7a3d2d60703110471e2cf6caa1e2dd41caa
Vegas/Examples/MonitoredGuessing/WatcherRaw.lean,archive/se-generalization/lean/Vegas/Examples/MonitoredGuessing/WatcherRaw.lean.txt,outside retained dependency set,edd29b1f38543d21902ab42dbff36e5cdb74558abde115f98635343c3a350e72
Vegas/Examples/OpaqueBindingForkImmediate.lean,archive/se-generalization/lean/Vegas/Examples/OpaqueBindingForkImmediate.lean.txt,outside retained dependency set,c736b50ed9142d3bb972c6a60821e64f6713a17975f8ee86eee99f4c0a0158a7
Vegas/Examples/OpaqueBindingForkPublication.lean,archive/se-generalization/lean/Vegas/Examples/OpaqueBindingForkPublication.lean.txt,outside retained dependency set,d56b06724d0a9fabee3ae7cf303127ef0c7fb8d85756a27d40e44e497bf54430
Vegas/Examples/OpaqueBindingForkService.lean,archive/se-generalization/lean/Vegas/Examples/OpaqueBindingForkService.lean.txt,outside retained dependency set,8a1c1d4bbb7e139bcc8ece40fac917afd2c3064a46c457389556f11431f05ee9
Vegas/Examples/OpaqueBindingForkSites.lean,archive/se-generalization/lean/Vegas/Examples/OpaqueBindingForkSites.lean.txt,outside retained dependency set,8bff2bd060e3afa0cf737689f2d3171c4b80fcc14a09527b7da4c98403d59116
Vegas/Examples/OpaqueBindingForkSourcePosterior.lean,archive/se-generalization/lean/Vegas/Examples/OpaqueBindingForkSourcePosterior.lean.txt,outside retained dependency set,006d96faa341c894cc1e2fc3b8566834c8f2245c7034beefa2633f7622aaf443
Vegas/Examples/OpaqueBindingForkVanishingWait.lean,archive/se-generalization/lean/Vegas/Examples/OpaqueBindingForkVanishingWait.lean.txt,outside retained dependency set,05fd621b6f1f7ff4b3ae4f955db588f4e43f94ffabed7aee93a392d587e9e253
Vegas/Examples/OpeningTimingChannel.lean,archive/se-generalization/lean/Vegas/Examples/OpeningTimingChannel.lean.txt,outside retained dependency set,69d183aac1569a4f63ffaaa25011222499468ada14ba0c9b0d1925f0b155d89d
Vegas/Examples/ParameterOutcomes.lean,archive/se-generalization/lean/Vegas/Examples/ParameterOutcomes.lean.txt,outside retained dependency set,6a8f1c4c07b974fb789399a531977509cc0f7b8c9c22145814d12173b4f11e1f
Vegas/Examples/PassiveDisclosureMonitoring.lean,archive/se-generalization/lean/Vegas/Examples/PassiveDisclosureMonitoring.lean.txt,outside retained dependency set,8e499c0e2c399f10a464d6c5f7d2fbc5f6505519638c3c461e95bf8a0062a243
Vegas/Examples/PendingMenus.lean,archive/se-generalization/lean/Vegas/Examples/PendingMenus.lean.txt,outside retained dependency set,b415a450c1f0b367d1a08239c80fcf5b27154191764d6ac69a71e3df0b41694d
Vegas/Examples/PendingMenusSource.lean,archive/se-generalization/lean/Vegas/Examples/PendingMenusSource.lean.txt,outside retained dependency set,4c6ea9ed3d2f59e65072ee87dcf12c25d5c681510a504ccbba0eb5f3890667a0
Vegas/Examples/PendingMenusStrategies.lean,archive/se-generalization/lean/Vegas/Examples/PendingMenusStrategies.lean.txt,outside retained dependency set,c041fe6229b1a6b804e6c3b37100b68a7bc7f8deb3f0640674a441e803ff0b0b
Vegas/Examples/PrivateResolutionForkBobCompiler.lean,archive/se-generalization/lean/Vegas/Examples/PrivateResolutionForkBobCompiler.lean.txt,outside retained dependency set,1f7fdbf3b82dc55e0d3b4089663d3bd835fc44133bc668a9cca4d199a1823432
Vegas/Examples/PrivateResolutionForkBobObservation.lean,archive/se-generalization/lean/Vegas/Examples/PrivateResolutionForkBobObservation.lean.txt,outside retained dependency set,4212b09d0b285b673b3ca2bd860147496d625e647c18f840aae32c11bc33e17c
Vegas/Examples/PrivateResolutionForkBobPinLimit.lean,archive/se-generalization/lean/Vegas/Examples/PrivateResolutionForkBobPinLimit.lean.txt,outside retained dependency set,23d0e3f2adc385c005361838f1417334faac482e87bdab0f15e8d081967671bc
Vegas/Examples/PrivateResolutionForkClockPhase.lean,archive/se-generalization/lean/Vegas/Examples/PrivateResolutionForkClockPhase.lean.txt,outside retained dependency set,e5aab5f9b136ebb99e349e36588f0b984eab87c62d90c32533c213f7d00f12b2
Vegas/Examples/PrivateResolutionForkCompletionBounds.lean,archive/se-generalization/lean/Vegas/Examples/PrivateResolutionForkCompletionBounds.lean.txt,outside retained dependency set,eab34336e8fdd6b24883d8d9f1978bc7a0a97e72a5707911c8e842738c8f696c
Vegas/Examples/PrivateResolutionForkConcreteBobLimit.lean,archive/se-generalization/lean/Vegas/Examples/PrivateResolutionForkConcreteBobLimit.lean.txt,outside retained dependency set,bd13cbd8d4922c60df51782373c8a8f8410448bd922f0e616119c5efe0f45ca9
Vegas/Examples/PrivateResolutionForkGuessPayoff.lean,archive/se-generalization/lean/Vegas/Examples/PrivateResolutionForkGuessPayoff.lean.txt,outside retained dependency set,45499aa97c6b5edd54a9adcce622a93dd999823dca7452a377ac82ff24878334
Vegas/Examples/PrivateResolutionForkLowFalseUtility.lean,archive/se-generalization/lean/Vegas/Examples/PrivateResolutionForkLowFalseUtility.lean.txt,outside retained dependency set,db1db6aae3efa80a85f8e7c071ec1caa4264e2a6c07536baa36057d7a7c1db2a
Vegas/Examples/PrivateResolutionForkNativeInputs.lean,archive/se-generalization/lean/Vegas/Examples/PrivateResolutionForkNativeInputs.lean.txt,outside retained dependency set,5219a578a40b264582e8e259da1ee6a370a64e452241bd9131410c5ed217a341
Vegas/Examples/PrivateResolutionForkNormalizedBob.lean,archive/se-generalization/lean/Vegas/Examples/PrivateResolutionForkNormalizedBob.lean.txt,outside retained dependency set,42703113b458bc90e860226d7858388e94ed973b147dc3196455d75dccc4b5cd
Vegas/Examples/PrivateResolutionForkOpportunity.lean,archive/se-generalization/lean/Vegas/Examples/PrivateResolutionForkOpportunity.lean.txt,outside retained dependency set,cf2fee4d9b5171d00d4f0d500c60b1c585a400ac9362873f99494f0c6052b10d
Vegas/Examples/PrivateResolutionForkPacketBounds.lean,archive/se-generalization/lean/Vegas/Examples/PrivateResolutionForkPacketBounds.lean.txt,outside retained dependency set,b8612f4d21bc576e7d71fe97b192179ba7309844e7feca4f81cd9cdeef8c8aca
Vegas/Examples/PrivateResolutionForkProtectedInclusion.lean,archive/se-generalization/lean/Vegas/Examples/PrivateResolutionForkProtectedInclusion.lean.txt,outside retained dependency set,2c1830ad0126a6f2a7772894d17381ca34af8be17e678f049b066f655bc5ceb7
Vegas/Examples/PrivateResolutionForkReceiptOrigin.lean,archive/se-generalization/lean/Vegas/Examples/PrivateResolutionForkReceiptOrigin.lean.txt,outside retained dependency set,fc6e3be8e3c3619825aca63c5969befd6d2fa76f46eaa121778842e519a95e05
Vegas/Examples/PrivateResolutionForkService.lean,archive/se-generalization/lean/Vegas/Examples/PrivateResolutionForkService.lean.txt,outside retained dependency set,b891b69c6f1b2be3e0aff974556f048679daef5d6bfecdf9a3525cb62959018b
Vegas/Examples/PrivateResolutionForkSource.lean,archive/se-generalization/lean/Vegas/Examples/PrivateResolutionForkSource.lean.txt,outside retained dependency set,a5f9a5872b97252556f721224238019706daf5b47ff93c95d652f4094ec73d3e
Vegas/Examples/PrivateResolutionForkSourceConsistency.lean,archive/se-generalization/lean/Vegas/Examples/PrivateResolutionForkSourceConsistency.lean.txt,outside retained dependency set,6b2efec88e1e6a1ca69f3211b17c1704d7915451ce800ad44ea9625c0a5d2f40
Vegas/Examples/PrivateResolutionForkSourceEquilibrium.lean,archive/se-generalization/lean/Vegas/Examples/PrivateResolutionForkSourceEquilibrium.lean.txt,outside retained dependency set,7a4307b497314e01a12bede95a3e770f720009caff204f824abafffe82ad2f9e
Vegas/Examples/PrivateResolutionForkSourceLikelihood.lean,archive/se-generalization/lean/Vegas/Examples/PrivateResolutionForkSourceLikelihood.lean.txt,outside retained dependency set,3a1ad138b762f9bda8c12d2e3300bd55762b50e87d1d08551c7e0e03d7405269
Vegas/Examples/PrivateResolutionForkSpec.lean,archive/se-generalization/lean/Vegas/Examples/PrivateResolutionForkSpec.lean.txt,outside retained dependency set,65200cc7ade917960b9017985abe7948f2e499b261f53009204a0d362200365e
Vegas/Examples/PrivateResolutionForkTrueResource.lean,archive/se-generalization/lean/Vegas/Examples/PrivateResolutionForkTrueResource.lean.txt,outside retained dependency set,11a82d394e318cb18fc5e892d3a41d23d82ca8554a27ddc2163071138ecc6f3f
Vegas/Examples/PrivateResolutionForkWithholdingValue.lean,archive/se-generalization/lean/Vegas/Examples/PrivateResolutionForkWithholdingValue.lean.txt,outside retained dependency set,7c50a538444fc269fec8e192fb48bc3c4d7155c431805fadd7f547a4cfa55257
Vegas/Examples/ReactiveAssociationEvidence.lean,archive/se-generalization/lean/Vegas/Examples/ReactiveAssociationEvidence.lean.txt,outside retained dependency set,1ae0966963ac2b46c6f17aed8030b55062eb37ca7b03fa9106adc07ea5827a7a
Vegas/Examples/ReactiveAuthorization.lean,archive/se-generalization/lean/Vegas/Examples/ReactiveAuthorization.lean.txt,outside retained dependency set,d4a3e45457c2cb14b43f7bcd6fb82845c97782f5cb956764ffc91c5e172f9b86
Vegas/Examples/ReactiveDependencyService.lean,archive/se-generalization/lean/Vegas/Examples/ReactiveDependencyService.lean.txt,outside retained dependency set,8d3fd3fb5b16a9832b27f0cc94fc61142a5002d34c2edaac5f55ecd856780738
Vegas/Examples/ReactiveEarlyOpening.lean,archive/se-generalization/lean/Vegas/Examples/ReactiveEarlyOpening.lean.txt,outside retained dependency set,59b8030b4c1f3b0be0ab27fcd7316be048f5d837f559f55f6f60b99263202b27
Vegas/Examples/ReactiveEarlyOpeningEvaluation.lean,archive/se-generalization/lean/Vegas/Examples/ReactiveEarlyOpeningEvaluation.lean.txt,outside retained dependency set,f237ed79634817be3f396e48e81a6d19121173d699a564732fdc949ed66ac66e
Vegas/Examples/ReactiveEarlyOpeningIncentives.lean,archive/se-generalization/lean/Vegas/Examples/ReactiveEarlyOpeningIncentives.lean.txt,outside retained dependency set,afc25ac6d7d0dd7de9e689980f4e29177cf18fa7a53f4d4bb4623ade3f46363d
Vegas/Examples/ReactiveEarlyOpeningPolicy.lean,archive/se-generalization/lean/Vegas/Examples/ReactiveEarlyOpeningPolicy.lean.txt,outside retained dependency set,8beeeab22c03127a24d042f5a3d0917535aec08f2e16c4fee4f2ede53dbfa3bf
Vegas/Examples/ReactiveEarlyOpeningSPE.lean,archive/se-generalization/lean/Vegas/Examples/ReactiveEarlyOpeningSPE.lean.txt,outside retained dependency set,cab18111970f603a10bac1b9d60e981c4ebff8d42097efe1f60e3459fe9db3c1
Vegas/Examples/ReactiveFiniteResponses.lean,archive/se-generalization/lean/Vegas/Examples/ReactiveFiniteResponses.lean.txt,outside retained dependency set,4c20ab9397e1b5bb8a56a39efe136017bc2b311eb13393b785262f8f2b143a05
Vegas/Examples/ReactivePendingMenus.lean,archive/se-generalization/lean/Vegas/Examples/ReactivePendingMenus.lean.txt,outside retained dependency set,afda16c1c8eafdc65a859d01d47a9fdc6b9820ff212933f4766595e6fdfb080a
Vegas/Examples/ReactivePendingMenusSource.lean,archive/se-generalization/lean/Vegas/Examples/ReactivePendingMenusSource.lean.txt,outside retained dependency set,e940b4d94f30471ed40fa9bc9a8ac2914d55871d5011fc2c526029f68ddac41d
Vegas/Examples/ReactivePendingMenusStrategies.lean,archive/se-generalization/lean/Vegas/Examples/ReactivePendingMenusStrategies.lean.txt,outside retained dependency set,e238ff4accecf95acc2b7910121809421207dd40a5ca6cb890c0372683c71ff7
Vegas/Examples/ReactiveReadinessRestrictions.lean,archive/se-generalization/lean/Vegas/Examples/ReactiveReadinessRestrictions.lean.txt,outside retained dependency set,3269febb9330ba9cea5fce77e29763ef2abdde55aa1073ec9d205b7ef22374b2
Vegas/Examples/ReactiveRecovery.lean,archive/se-generalization/lean/Vegas/Examples/ReactiveRecovery.lean.txt,outside retained dependency set,b98b322853fa93c0e17534da44bb6b7a22446b7cb508db720fea05e998032fc0
Vegas/Examples/ReactiveRuntime.lean,archive/se-generalization/lean/Vegas/Examples/ReactiveRuntime.lean.txt,outside retained dependency set,39d39cfa90cee1139d8f588562f4ec0a025820b7267f513bcee02ecf50976d34
Vegas/Examples/ReactiveWitnessedEvidence.lean,archive/se-generalization/lean/Vegas/Examples/ReactiveWitnessedEvidence.lean.txt,outside retained dependency set,8f336d2ff88b30075fbfb264168051f6f8ef0986c4c106fb2b37bfb566b8d77b
Vegas/Examples/ResponseCoalescing.lean,archive/se-generalization/lean/Vegas/Examples/ResponseCoalescing.lean.txt,outside retained dependency set,7ad87a4a040f3f89e24354ecd172d77c482fc05089bfd14e75ac918c971358ea
Vegas/Examples/RevealSequence.lean,archive/se-generalization/lean/Vegas/Examples/RevealSequence.lean.txt,outside retained dependency set,6d15b18baaa48828ad0d91b5cb53ed56e206d401ce84de6a094f8e50ce4b4de2
Vegas/Examples/SelectiveAssociation.lean,archive/se-generalization/lean/Vegas/Examples/SelectiveAssociation.lean.txt,outside retained dependency set,949cf450841c9454b8ad847c18bdc2ba98fe2ba891ac78f0ff3a0fdc4c5d0305
Vegas/Examples/SelectiveAssociation/Carol.lean,archive/se-generalization/lean/Vegas/Examples/SelectiveAssociation/Carol.lean.txt,outside retained dependency set,983c133411627712907df5e9a92db6c467b8b3f33e0c86d23f96a0ff61ee71c7
Vegas/Examples/SelectiveAssociation/Correction.lean,archive/se-generalization/lean/Vegas/Examples/SelectiveAssociation/Correction.lean.txt,outside retained dependency set,77261fe121d47f6ab224a97ba304023b2c18b54ff96816a5023117ec8017808a
Vegas/Examples/SelectiveAssociation/Cursor.lean,archive/se-generalization/lean/Vegas/Examples/SelectiveAssociation/Cursor.lean.txt,outside retained dependency set,e32a37e836ac5cee2105a8e1764865f0e145b59d86d6577ca75c50211685f3dd
Vegas/Examples/SelectiveAssociation/DecisionContinuation.lean,archive/se-generalization/lean/Vegas/Examples/SelectiveAssociation/DecisionContinuation.lean.txt,outside retained dependency set,4933ea15067821e64f7157b65ca20e39c47be209a5d8fcceb46129f2b65d453b
Vegas/Examples/SelectiveAssociation/Game.lean,archive/se-generalization/lean/Vegas/Examples/SelectiveAssociation/Game.lean.txt,outside retained dependency set,81673b2d133bbc94536a80e7b145ac52bfc30992f13dc5ef059d4231fcbff6ce
Vegas/Examples/SelectiveAssociation/GuessContinuation.lean,archive/se-generalization/lean/Vegas/Examples/SelectiveAssociation/GuessContinuation.lean.txt,outside retained dependency set,b7eae955c31c4212ee9128babc4544992b5146df1e4e4526cd589aef91e5f0f3
Vegas/Examples/SelectiveAssociation/GuessEquilibrium.lean,archive/se-generalization/lean/Vegas/Examples/SelectiveAssociation/GuessEquilibrium.lean.txt,outside retained dependency set,184ac20938b5596a12b1fc12370edb2ce872f82cd9431f98444f98657dedac16
Vegas/Examples/SelectiveAssociation/GuessIncentives.lean,archive/se-generalization/lean/Vegas/Examples/SelectiveAssociation/GuessIncentives.lean.txt,outside retained dependency set,5e652a13f66c8eb994d3a33026e72bed92bfa7a483b0ef3523965f1f894cd90e
Vegas/Examples/SelectiveAssociation/GuessOpenings.lean,archive/se-generalization/lean/Vegas/Examples/SelectiveAssociation/GuessOpenings.lean.txt,outside retained dependency set,4b849eb260bf02699e58f3d82e68b145e00e46ca81f3b80f9f1e536f3760ad3c
Vegas/Examples/SelectiveAssociation/GuessSelection.lean,archive/se-generalization/lean/Vegas/Examples/SelectiveAssociation/GuessSelection.lean.txt,outside retained dependency set,a41e49c7fc90abd43ae4a85bcb70b1ca9b1649e57c10cda5485f643be9ddc279
Vegas/Examples/SelectiveAssociation/GuessSettlement.lean,archive/se-generalization/lean/Vegas/Examples/SelectiveAssociation/GuessSettlement.lean.txt,outside retained dependency set,ec116247741e650301664105f39a5d90054a0e0946a27d12c932591b71e6b4e7
Vegas/Examples/SelectiveAssociation/History.lean,archive/se-generalization/lean/Vegas/Examples/SelectiveAssociation/History.lean.txt,outside retained dependency set,ff3465a0d2892f514aa9a8a7b031df835b6f2bf5a5f1406aba9555cd097a9fb3
Vegas/Examples/SelectiveAssociation/InitialEvaluation.lean,archive/se-generalization/lean/Vegas/Examples/SelectiveAssociation/InitialEvaluation.lean.txt,outside retained dependency set,6e07440f73fa4223165a2b2bf31ffecaf1b7e9fbdc8506753280cbf1dcc18e73
Vegas/Examples/SelectiveAssociation/InitialRationality.lean,archive/se-generalization/lean/Vegas/Examples/SelectiveAssociation/InitialRationality.lean.txt,outside retained dependency set,2651414cb58a87e41cb18589a8a42c5df52a5449a39993a5b1403e7306f5ae2d
Vegas/Examples/SelectiveAssociation/InitialSite.lean,archive/se-generalization/lean/Vegas/Examples/SelectiveAssociation/InitialSite.lean.txt,outside retained dependency set,5f32b6f77bce3d8f9dade46498badd3e3d3060fff5637aa3cee0bf24b11c648b
Vegas/Examples/SelectiveAssociation/NamedEvidence.lean,archive/se-generalization/lean/Vegas/Examples/SelectiveAssociation/NamedEvidence.lean.txt,outside retained dependency set,027f39cc88c31e6507a8794a9a8ef236e6c6a9e56bab353a402c6393531a7e22
Vegas/Examples/SelectiveAssociation/Native.lean,archive/se-generalization/lean/Vegas/Examples/SelectiveAssociation/Native.lean.txt,outside retained dependency set,8b330e6c930ffbc298c08c4a2dbe193d8ff5e14f23f52113c6e0315f57fd0384
Vegas/Examples/SelectiveAssociation/NativeDeviation.lean,archive/se-generalization/lean/Vegas/Examples/SelectiveAssociation/NativeDeviation.lean.txt,outside retained dependency set,18181fff60728cfcd7ff140ec488d7214232a3a43ad85efc2110ea34820c68f8
Vegas/Examples/SelectiveAssociation/NativeDeviationCompletion.lean,archive/se-generalization/lean/Vegas/Examples/SelectiveAssociation/NativeDeviationCompletion.lean.txt,outside retained dependency set,06dac9abfbd3106a0db9ecd1184ad64536b0371332006e4a8a3b595f55813203
Vegas/Examples/SelectiveAssociation/NativeDeviationExecution.lean,archive/se-generalization/lean/Vegas/Examples/SelectiveAssociation/NativeDeviationExecution.lean.txt,outside retained dependency set,456b28a9295cbeca6b70759daa9b4dc52a4950c76fdd3be26fc9632ddf82f7d1
Vegas/Examples/SelectiveAssociation/NativeDeviationPayoff.lean,archive/se-generalization/lean/Vegas/Examples/SelectiveAssociation/NativeDeviationPayoff.lean.txt,outside retained dependency set,4b0f3ec8ab50afc1cd6803021490b90fa800c7ca4a07d4ce871209caf9c3d6e9
Vegas/Examples/SelectiveAssociation/NativeSequentialDeviation.lean,archive/se-generalization/lean/Vegas/Examples/SelectiveAssociation/NativeSequentialDeviation.lean.txt,outside retained dependency set,5ac3381cf2a932f4aef1004472686e79a4eb2d564a8524234bb4a1835db22252
Vegas/Examples/SelectiveAssociation/OpeningContinuation.lean,archive/se-generalization/lean/Vegas/Examples/SelectiveAssociation/OpeningContinuation.lean.txt,outside retained dependency set,0c16919fed8b131e8428be0b77a44af3b94555a6f58a82e484718f6b5f8cf9eb
Vegas/Examples/SelectiveAssociation/OpeningEquilibrium.lean,archive/se-generalization/lean/Vegas/Examples/SelectiveAssociation/OpeningEquilibrium.lean.txt,outside retained dependency set,3dd81330315c59dcbb3b4e8eb50ec28cd84ca5190afe7704f0b1b55098b1f0f8
Vegas/Examples/SelectiveAssociation/OpeningFuture.lean,archive/se-generalization/lean/Vegas/Examples/SelectiveAssociation/OpeningFuture.lean.txt,outside retained dependency set,251b3fefd8b91cdc30d92f6e45edee67a2edcd30e4c429b2b1e0278438806c7b
Vegas/Examples/SelectiveAssociation/OpeningIncentives.lean,archive/se-generalization/lean/Vegas/Examples/SelectiveAssociation/OpeningIncentives.lean.txt,outside retained dependency set,2d33f4b1264c6ca7f23d728abff32edad7dbe4710008b84f9ae2b9ddac65f0c3
Vegas/Examples/SelectiveAssociation/OpeningSelection.lean,archive/se-generalization/lean/Vegas/Examples/SelectiveAssociation/OpeningSelection.lean.txt,outside retained dependency set,abb4ddf01d008a27b2767f1871c44086f6aa074d2979486d74180468021516f8
Vegas/Examples/SelectiveAssociation/OpeningService.lean,archive/se-generalization/lean/Vegas/Examples/SelectiveAssociation/OpeningService.lean.txt,outside retained dependency set,c03dafb81f76a0160f0a61d2cbe60b9ed957a2bd4d8656c708916c42f9b5e853
Vegas/Examples/SelectiveAssociation/OpeningSettlement.lean,archive/se-generalization/lean/Vegas/Examples/SelectiveAssociation/OpeningSettlement.lean.txt,outside retained dependency set,fc276cb431a7997267b5aae822bb06e1f12d85d0dc7aafa1278ead91637b5125
Vegas/Examples/SelectiveAssociation/PayoffSeparation.lean,archive/se-generalization/lean/Vegas/Examples/SelectiveAssociation/PayoffSeparation.lean.txt,outside retained dependency set,ce204b868072c734753ab231458fcbd2803b11105b09ae431934a0bb5771c09b
Vegas/Examples/SelectiveAssociation/Payoffs.lean,archive/se-generalization/lean/Vegas/Examples/SelectiveAssociation/Payoffs.lean.txt,outside retained dependency set,289a719811bc4ba98a1fdd854492396cd23a81b8666bf7d3061a78b532ad472d
Vegas/Examples/SelectiveAssociation/PrefixHistory.lean,archive/se-generalization/lean/Vegas/Examples/SelectiveAssociation/PrefixHistory.lean.txt,outside retained dependency set,c929db82519d83d8fbe9627f501bcba82f5fb70492375fd35d76f8bf7d8ee5f6
Vegas/Examples/SelectiveAssociation/Probability.lean,archive/se-generalization/lean/Vegas/Examples/SelectiveAssociation/Probability.lean.txt,outside retained dependency set,35f718f817991ecf73c763c23960a347ac85cc40e29996b703932e0a7e9439db
Vegas/Examples/SelectiveAssociation/Publication.lean,archive/se-generalization/lean/Vegas/Examples/SelectiveAssociation/Publication.lean.txt,outside retained dependency set,8b9d1cb6be3303165c273428a23e8a99dcd25b4abada7acfe43f4b0989374a42
Vegas/Examples/SelectiveAssociation/ReservedContinuation.lean,archive/se-generalization/lean/Vegas/Examples/SelectiveAssociation/ReservedContinuation.lean.txt,outside retained dependency set,cc441098a7f8be9ab590bb14bdbf2d3ae6cb534c0c3031cef75f70c606145c2b
Vegas/Examples/SelectiveAssociation/ResponseExecution.lean,archive/se-generalization/lean/Vegas/Examples/SelectiveAssociation/ResponseExecution.lean.txt,outside retained dependency set,a30b4969335b27a6c8f67488c7b88314a246f8bf87449dd047a2e3dcfc194b4a
Vegas/Examples/SelectiveAssociation/Responses.lean,archive/se-generalization/lean/Vegas/Examples/SelectiveAssociation/Responses.lean.txt,outside retained dependency set,dbf0e77b6f4c946741fcddd3140575d087d1bf5d1707075825befc03322a75e0
Vegas/Examples/SelectiveAssociation/Restricted.lean,archive/se-generalization/lean/Vegas/Examples/SelectiveAssociation/Restricted.lean.txt,outside retained dependency set,37833ddc4031964893da026081536f309ea827f6f1efca572fe1f87ece2770f3
Vegas/Examples/SelectiveAssociation/RestrictedAliceOptimality.lean,archive/se-generalization/lean/Vegas/Examples/SelectiveAssociation/RestrictedAliceOptimality.lean.txt,outside retained dependency set,2bb5b65643cd7a41ad933b32b8449f300a8420c94530837be10243b8be24815c
Vegas/Examples/SelectiveAssociation/RestrictedBeliefs.lean,archive/se-generalization/lean/Vegas/Examples/SelectiveAssociation/RestrictedBeliefs.lean.txt,outside retained dependency set,d97771bcfb2238f77b8f8e56a38332fc212b2a33df57d8cc391f547a8963d11f
Vegas/Examples/SelectiveAssociation/RestrictedBinding.lean,archive/se-generalization/lean/Vegas/Examples/SelectiveAssociation/RestrictedBinding.lean.txt,outside retained dependency set,1563f4e2df7bd22a2cd6e2576e212633b2b11013e714ae19458b25e41cc63550
Vegas/Examples/SelectiveAssociation/RestrictedCarolSymmetry.lean,archive/se-generalization/lean/Vegas/Examples/SelectiveAssociation/RestrictedCarolSymmetry.lean.txt,outside retained dependency set,d1c612c1c22bf572111c900d8725a1af489ae540745a383a05d833e417087d08
Vegas/Examples/SelectiveAssociation/RestrictedEquilibrium.lean,archive/se-generalization/lean/Vegas/Examples/SelectiveAssociation/RestrictedEquilibrium.lean.txt,outside retained dependency set,102e3bd443f81b85154aeae23b02fb2661c65dcc524f4587faf94f2dba01c791
Vegas/Examples/SelectiveAssociation/RestrictedGuessOptimality.lean,archive/se-generalization/lean/Vegas/Examples/SelectiveAssociation/RestrictedGuessOptimality.lean.txt,outside retained dependency set,5f62433fc6d399e9bade71afc8644fc013a632e7be036718d2ea1fe49d345b7a
Vegas/Examples/SelectiveAssociation/RestrictedGuessOutcome.lean,archive/se-generalization/lean/Vegas/Examples/SelectiveAssociation/RestrictedGuessOutcome.lean.txt,outside retained dependency set,a607ad6af0f66b6697fecbf6d929441331dad3ca554f4af054ff6c6e6d31fa25
Vegas/Examples/SelectiveAssociation/RestrictedGuessSegment.lean,archive/se-generalization/lean/Vegas/Examples/SelectiveAssociation/RestrictedGuessSegment.lean.txt,outside retained dependency set,089a621d45dd502bd5da17d16b6f21756d1ee6c0d3f47391344b32c450ba6f39
Vegas/Examples/SelectiveAssociation/RestrictedGuessVisibility.lean,archive/se-generalization/lean/Vegas/Examples/SelectiveAssociation/RestrictedGuessVisibility.lean.txt,outside retained dependency set,032c46e3db7e4b3694e8adea9082c46465229f9f64911306a21db3e499a9ab04
Vegas/Examples/SelectiveAssociation/RestrictedInitial.lean,archive/se-generalization/lean/Vegas/Examples/SelectiveAssociation/RestrictedInitial.lean.txt,outside retained dependency set,308f3ba52feef63c00e262f2d4cdde32bd959038b88a99e70ac825f9dd4edbe5
Vegas/Examples/SelectiveAssociation/RestrictedOpening.lean,archive/se-generalization/lean/Vegas/Examples/SelectiveAssociation/RestrictedOpening.lean.txt,outside retained dependency set,795300416be1924090977231f81ae200bd0f7999eb432f27617d3aa96a03cc94
Vegas/Examples/SelectiveAssociation/RestrictedOpeningOptimality.lean,archive/se-generalization/lean/Vegas/Examples/SelectiveAssociation/RestrictedOpeningOptimality.lean.txt,outside retained dependency set,f16cd6f5bace3a0302a6bec82265b69486d08f162d405ec622416aa54d7dd3f4
Vegas/Examples/SelectiveAssociation/RestrictedOutcome.lean,archive/se-generalization/lean/Vegas/Examples/SelectiveAssociation/RestrictedOutcome.lean.txt,outside retained dependency set,0d063924809439fd50dcc231e7ce46bbcf300805c29fc5c8be5665f48dc2faf2
Vegas/Examples/SelectiveAssociation/RestrictedPolicy.lean,archive/se-generalization/lean/Vegas/Examples/SelectiveAssociation/RestrictedPolicy.lean.txt,outside retained dependency set,80307cfd0aa942c053b1a88881e5ea2f3dfa0916f9f4b96f3278cde562b2e391
Vegas/Examples/SelectiveAssociation/RestrictedPrefix.lean,archive/se-generalization/lean/Vegas/Examples/SelectiveAssociation/RestrictedPrefix.lean.txt,outside retained dependency set,49fcef4f68159f29fe23a3bac7e26e054b7a5be3f05275c2a84f7fcd96df75a9
Vegas/Examples/SelectiveAssociation/RestrictedPrefixAcceptance.lean,archive/se-generalization/lean/Vegas/Examples/SelectiveAssociation/RestrictedPrefixAcceptance.lean.txt,outside retained dependency set,1a4b9bb528b0e04e938911d3f2765d360a75608e8f3a3127ccd3fc5637ad8bd4
Vegas/Examples/SelectiveAssociation/RestrictedPrefixComparison.lean,archive/se-generalization/lean/Vegas/Examples/SelectiveAssociation/RestrictedPrefixComparison.lean.txt,outside retained dependency set,55ced4d5c313c08962f20de6165ddf5122b98ae9bb29dbaea5cdbfa3e990a771
Vegas/Examples/SelectiveAssociation/RestrictedPrefixEvidence.lean,archive/se-generalization/lean/Vegas/Examples/SelectiveAssociation/RestrictedPrefixEvidence.lean.txt,outside retained dependency set,5bce070f90a0f06eabde364d9ae58e62aefaff734a744441cd66ad33456aa356
Vegas/Examples/SelectiveAssociation/RestrictedPrefixExecution.lean,archive/se-generalization/lean/Vegas/Examples/SelectiveAssociation/RestrictedPrefixExecution.lean.txt,outside retained dependency set,031052f2ea54e873c1798f3537056372b167c3fe945148dabd4f4c7eb4ab5648
Vegas/Examples/SelectiveAssociation/RestrictedPrefixInjection.lean,archive/se-generalization/lean/Vegas/Examples/SelectiveAssociation/RestrictedPrefixInjection.lean.txt,outside retained dependency set,0707e5f20c118f379b40b694797f3640f8b2646b15802165920f78bfa1f685af
Vegas/Examples/SelectiveAssociation/RestrictedPrefixPosterior.lean,archive/se-generalization/lean/Vegas/Examples/SelectiveAssociation/RestrictedPrefixPosterior.lean.txt,outside retained dependency set,95683637a4181ecb93c18bc6a346e95c3e42127f5254024595fd1d87628bfb04
Vegas/Examples/SelectiveAssociation/RestrictedPrefixSymmetry.lean,archive/se-generalization/lean/Vegas/Examples/SelectiveAssociation/RestrictedPrefixSymmetry.lean.txt,outside retained dependency set,293d58f78c0a1ed7547fe0cd4279c0488f14cfe190ebe740f1a004e585366e9f
Vegas/Examples/SelectiveAssociation/RestrictedPrelude.lean,archive/se-generalization/lean/Vegas/Examples/SelectiveAssociation/RestrictedPrelude.lean.txt,outside retained dependency set,b0086a4287c2a50b5013f2838fd672d5720537701655d4de656ff967b908c6bf
Vegas/Examples/SelectiveAssociation/RestrictedPrescribedOutcome.lean,archive/se-generalization/lean/Vegas/Examples/SelectiveAssociation/RestrictedPrescribedOutcome.lean.txt,outside retained dependency set,d3126deef2f3042eccab1d3a095c86d9ec0e2a76dca06c03d4c4ff9e464c6a58
Vegas/Examples/SelectiveAssociation/RestrictedProbability.lean,archive/se-generalization/lean/Vegas/Examples/SelectiveAssociation/RestrictedProbability.lean.txt,outside retained dependency set,043fc8a67f0e90eb2c3edd7f14ed26fbd2e448d6e20dc1eff15eac33eb7bfff7
Vegas/Examples/SelectiveAssociation/RestrictedRealization.lean,archive/se-generalization/lean/Vegas/Examples/SelectiveAssociation/RestrictedRealization.lean.txt,outside retained dependency set,b087006b649bfcc1b57533e870b2d9d5cc845161565db8f5a84dc6569a68ce80
Vegas/Examples/SelectiveAssociation/RestrictedSeparation.lean,archive/se-generalization/lean/Vegas/Examples/SelectiveAssociation/RestrictedSeparation.lean.txt,outside retained dependency set,52cefcf450f043538a1514e82c1a208f88a0f9bde105cf318282258b5d7fafc6
Vegas/Examples/SelectiveAssociation/RestrictedStoreSymmetry.lean,archive/se-generalization/lean/Vegas/Examples/SelectiveAssociation/RestrictedStoreSymmetry.lean.txt,outside retained dependency set,144de5be409269dad71cdc1665ef4112f47d33c251dc0b6b1cd47fd283ceca51
Vegas/Examples/SelectiveAssociation/RestrictedSymmetry.lean,archive/se-generalization/lean/Vegas/Examples/SelectiveAssociation/RestrictedSymmetry.lean.txt,outside retained dependency set,e595bf685a8702eb36f02e8096d930ad37a6eea60d80072bbf2879dbcad99f79
Vegas/Examples/SelectiveAssociation/Schedule.lean,archive/se-generalization/lean/Vegas/Examples/SelectiveAssociation/Schedule.lean.txt,outside retained dependency set,0d0eb04a111de3677a32ceaa4ebc24f5e6179f5823bb61b757d588cfdfe6caf7
Vegas/Examples/SelectiveAssociation/Separation.lean,archive/se-generalization/lean/Vegas/Examples/SelectiveAssociation/Separation.lean.txt,outside retained dependency set,261cd6b95182b2e1ef43efc54cf398f6a4fdcf151ff738dc965cb88ceed5c254
Vegas/Examples/SelectiveAssociation/Settlement.lean,archive/se-generalization/lean/Vegas/Examples/SelectiveAssociation/Settlement.lean.txt,outside retained dependency set,9288dfbedb8e8e354ace5d0c585b4c4f4e31749e40974a911a1c877a40ea798d
Vegas/Examples/SelectiveAssociation/SourceAlicePayoffs.lean,archive/se-generalization/lean/Vegas/Examples/SelectiveAssociation/SourceAlicePayoffs.lean.txt,outside retained dependency set,24cae7680f20de8e22fa8bce3f44fcb606f9e1c0823ab4ce7bbbe338fb0ca262
Vegas/Examples/SelectiveAssociation/SourceAliceValues.lean,archive/se-generalization/lean/Vegas/Examples/SelectiveAssociation/SourceAliceValues.lean.txt,outside retained dependency set,2bfa1cb7f7c72cce9dcf249302692922c515152c911e79917e099443f12934ad
Vegas/Examples/SelectiveAssociation/SourceAssessmentValues.lean,archive/se-generalization/lean/Vegas/Examples/SelectiveAssociation/SourceAssessmentValues.lean.txt,outside retained dependency set,514d1a4418c5328b774d6acac36c83996b902430edabf226db85066f49d6471e
Vegas/Examples/SelectiveAssociation/SourceBeliefs.lean,archive/se-generalization/lean/Vegas/Examples/SelectiveAssociation/SourceBeliefs.lean.txt,outside retained dependency set,92fe7cd6df78521308b63ce3387903f8f648298f82286dce3d6a238ea8eec929
Vegas/Examples/SelectiveAssociation/SourceBindingContinuation.lean,archive/se-generalization/lean/Vegas/Examples/SelectiveAssociation/SourceBindingContinuation.lean.txt,outside retained dependency set,856db8a346b07d2d7180b86d984d4adc88738ea78d1be1ef085e0e1da22a881b
Vegas/Examples/SelectiveAssociation/SourceBobPrelude.lean,archive/se-generalization/lean/Vegas/Examples/SelectiveAssociation/SourceBobPrelude.lean.txt,outside retained dependency set,3de19401ce4440b9caeb87ef5be12fdcaa7cf339f27d6db10700d1d8a6cd77a2
Vegas/Examples/SelectiveAssociation/SourceCalendar.lean,archive/se-generalization/lean/Vegas/Examples/SelectiveAssociation/SourceCalendar.lean.txt,outside retained dependency set,1d6406da383ed9d77bdf8f75490adcac4cc14ff94f591b441946cbc9a88711d8
Vegas/Examples/SelectiveAssociation/SourceCertificateSymmetry.lean,archive/se-generalization/lean/Vegas/Examples/SelectiveAssociation/SourceCertificateSymmetry.lean.txt,outside retained dependency set,4e7be6b4d5a8281040189181afd1ea4b7ca1de14de113b3a22f199dd332364d9
Vegas/Examples/SelectiveAssociation/SourceConsistency.lean,archive/se-generalization/lean/Vegas/Examples/SelectiveAssociation/SourceConsistency.lean.txt,outside retained dependency set,97fc3f634116ac4eb8516da7629653873e93d60d57afa907a4ba023346da0d16
Vegas/Examples/SelectiveAssociation/SourceContinuation.lean,archive/se-generalization/lean/Vegas/Examples/SelectiveAssociation/SourceContinuation.lean.txt,outside retained dependency set,049ffc994bd22499599c76f488b19c3c26cd482184f2a53a8c11d2d2f16182b6
Vegas/Examples/SelectiveAssociation/SourceCore.lean,archive/se-generalization/lean/Vegas/Examples/SelectiveAssociation/SourceCore.lean.txt,outside retained dependency set,df9c9cf1eed437ef90a8a4932f567a3523d6b2b4ba80bbe0152c256a19eaa55c
Vegas/Examples/SelectiveAssociation/SourceCursor.lean,archive/se-generalization/lean/Vegas/Examples/SelectiveAssociation/SourceCursor.lean.txt,outside retained dependency set,28fb6f36f7693b7d6e2d0a9a4d6fb8373f99c902630c859bb536cf7581ac1c7a
Vegas/Examples/SelectiveAssociation/SourceEquilibrium.lean,archive/se-generalization/lean/Vegas/Examples/SelectiveAssociation/SourceEquilibrium.lean.txt,outside retained dependency set,7c4f06860dec3c47de23619a8b97a3b2f79c5fa13688a622c83bf2f5c09438fd
Vegas/Examples/SelectiveAssociation/SourceEvaluation.lean,archive/se-generalization/lean/Vegas/Examples/SelectiveAssociation/SourceEvaluation.lean.txt,outside retained dependency set,0db874405642745610c3078887256145a7ad1d36cefc08bc521f07ece5e30715
Vegas/Examples/SelectiveAssociation/SourceGuessEquilibrium.lean,archive/se-generalization/lean/Vegas/Examples/SelectiveAssociation/SourceGuessEquilibrium.lean.txt,outside retained dependency set,ebaeb34361222a69d98f6c50c49e23066dd9536a81962228f3fc9793a369c337
Vegas/Examples/SelectiveAssociation/SourceGuessOptimality.lean,archive/se-generalization/lean/Vegas/Examples/SelectiveAssociation/SourceGuessOptimality.lean.txt,outside retained dependency set,1b8ba4f7cfca7991c4412881d3f20761e74f65439cfda099b4bd0749f54c41e6
Vegas/Examples/SelectiveAssociation/SourceGuessPayoffs.lean,archive/se-generalization/lean/Vegas/Examples/SelectiveAssociation/SourceGuessPayoffs.lean.txt,outside retained dependency set,363e4e0ce0bef975d06f302a7086366291b48807fc06358691ac28f71cadb859
Vegas/Examples/SelectiveAssociation/SourceGuessSymmetry.lean,archive/se-generalization/lean/Vegas/Examples/SelectiveAssociation/SourceGuessSymmetry.lean.txt,outside retained dependency set,110e82aca3cdeae1ce939cb4aeeb865776d64863d2704a9e3e7d507de9681ddc
Vegas/Examples/SelectiveAssociation/SourceInitialLaw.lean,archive/se-generalization/lean/Vegas/Examples/SelectiveAssociation/SourceInitialLaw.lean.txt,outside retained dependency set,7a7578248ac88d9f7a9c5e6ce3efa0edefce38154feae89942dadaa7da0b1392
Vegas/Examples/SelectiveAssociation/SourceOpeningCursor.lean,archive/se-generalization/lean/Vegas/Examples/SelectiveAssociation/SourceOpeningCursor.lean.txt,outside retained dependency set,0a0ddbe549967700afc3c502a32c1da4ca0917b77c9868f8ae2022face654a2b
Vegas/Examples/SelectiveAssociation/SourceOpeningEquilibrium.lean,archive/se-generalization/lean/Vegas/Examples/SelectiveAssociation/SourceOpeningEquilibrium.lean.txt,outside retained dependency set,4391df78458ed43060e5b0d00bda6cab4168e65c3c99a156f2dce12124626b3c
Vegas/Examples/SelectiveAssociation/SourceOpeningOptimality.lean,archive/se-generalization/lean/Vegas/Examples/SelectiveAssociation/SourceOpeningOptimality.lean.txt,outside retained dependency set,e22022c06c635390f9201191aa764347cc7360a76484daa3615ec9fc48ce1c2b
Vegas/Examples/SelectiveAssociation/SourceOpeningPayoffs.lean,archive/se-generalization/lean/Vegas/Examples/SelectiveAssociation/SourceOpeningPayoffs.lean.txt,outside retained dependency set,06153cf1019c200735f82757940ef9f891f842089af75a23f8dd456413fa853b
Vegas/Examples/SelectiveAssociation/SourceOpeningTails.lean,archive/se-generalization/lean/Vegas/Examples/SelectiveAssociation/SourceOpeningTails.lean.txt,outside retained dependency set,1910c4494d8f410a465cd43be15343be0a8e08ee3992b53e24940861e567ef3c
Vegas/Examples/SelectiveAssociation/SourcePrefix.lean,archive/se-generalization/lean/Vegas/Examples/SelectiveAssociation/SourcePrefix.lean.txt,outside retained dependency set,82f4f35c7842de67059c624bd5c403ed6472d93f9b8b9e09f969dac1f8881baa
Vegas/Examples/SelectiveAssociation/SourcePrefixEvaluation.lean,archive/se-generalization/lean/Vegas/Examples/SelectiveAssociation/SourcePrefixEvaluation.lean.txt,outside retained dependency set,d905e2c92f18214ef57d1ae056c33d29c0d2737a024ad26d37a901f239d47e59
Vegas/Examples/SelectiveAssociation/SourcePrefixSymmetry.lean,archive/se-generalization/lean/Vegas/Examples/SelectiveAssociation/SourcePrefixSymmetry.lean.txt,outside retained dependency set,9c670d49c92d3a452d25f8a2c1bfdd273738fe28609531e445ee88b18b2a7618
Vegas/Examples/SelectiveAssociation/SourcePreludeControls.lean,archive/se-generalization/lean/Vegas/Examples/SelectiveAssociation/SourcePreludeControls.lean.txt,outside retained dependency set,ef191981dd2948faa5c36cb2e0cd0d5580ed28130375970e3c5b8636b308626a
Vegas/Examples/SelectiveAssociation/SourcePublicGuess.lean,archive/se-generalization/lean/Vegas/Examples/SelectiveAssociation/SourcePublicGuess.lean.txt,outside retained dependency set,2b8a835d436cd7bd5c3c668d2089c9dd8fad94a42be94c120dcead7d86608010
Vegas/Examples/SelectiveAssociation/SourcePublishedEvidence.lean,archive/se-generalization/lean/Vegas/Examples/SelectiveAssociation/SourcePublishedEvidence.lean.txt,outside retained dependency set,dbad7113f427de68d1b2986f1238317b0340848218b65c866574c2bb8103e6aa
Vegas/Examples/SelectiveAssociation/SourceService.lean,archive/se-generalization/lean/Vegas/Examples/SelectiveAssociation/SourceService.lean.txt,outside retained dependency set,af535a1d8e8239752f4a4e1c00c22c7be46e0836877b1a8545b5f044b3888f7f
Vegas/Examples/SelectiveAssociation/SourceSymmetry.lean,archive/se-generalization/lean/Vegas/Examples/SelectiveAssociation/SourceSymmetry.lean.txt,outside retained dependency set,806e869528839af87ccd152b26164a411fcb748b174783da9b44aa8ad5deeeae
Vegas/Examples/SelectiveAssociation/SupportedResponses.lean,archive/se-generalization/lean/Vegas/Examples/SelectiveAssociation/SupportedResponses.lean.txt,outside retained dependency set,62ea265bbdd715155f2bdb22508d5dd55be6bb10e04edd2b000e2e26406224cd
Vegas/Examples/SelectiveAssociation/Unfinished.lean,archive/se-generalization/lean/Vegas/Examples/SelectiveAssociation/Unfinished.lean.txt,outside retained dependency set,ff2ac402631f1837f242488a01fa9fa7c02fe78fe8199d027092d32352921c04
Vegas/Examples/SelectiveAssociation/Withholding.lean,archive/se-generalization/lean/Vegas/Examples/SelectiveAssociation/Withholding.lean.txt,outside retained dependency set,054d28515fe2591ec519b59e120cc5ebc1a1de3a2f4d69f102931a2bbe2dc684
Vegas/Examples/SequentialValidation.lean,archive/se-generalization/lean/Vegas/Examples/SequentialValidation.lean.txt,outside retained dependency set,91dbd0a5424035cf8cf722b47836a1718d571e42d9333b2a60b91e2658381b5b
Vegas/Examples/SequentialValidation/Completion.lean,archive/se-generalization/lean/Vegas/Examples/SequentialValidation/Completion.lean.txt,outside retained dependency set,5a12738e6d2992d650f3a0635606f4db852b2f8149f0863647a2dce0f971ca14
Vegas/Examples/SequentialValidation/Equilibrium.lean,archive/se-generalization/lean/Vegas/Examples/SequentialValidation/Equilibrium.lean.txt,outside retained dependency set,43d9da25f3e5c0cdee7a9400012d777c88e3e4c00c031dfae4b47683e3312f23
Vegas/Examples/SequentialValidation/Evidence.lean,archive/se-generalization/lean/Vegas/Examples/SequentialValidation/Evidence.lean.txt,outside retained dependency set,eeae64dbe461fde3794517c536f69345c91d7a8c2e543c90dc952f3c3ad1d7e5
Vegas/Examples/SequentialValidation/Fibre.lean,archive/se-generalization/lean/Vegas/Examples/SequentialValidation/Fibre.lean.txt,outside retained dependency set,98ecbf01c76aa5eab125ee2488dfa42ad8de71fedb2441bb079f1b3ccc562698
Vegas/Examples/SequentialValidation/Guess.lean,archive/se-generalization/lean/Vegas/Examples/SequentialValidation/Guess.lean.txt,outside retained dependency set,fbe77fec0517c37fbe681a9dd1f2c7f4172662e52e57cbb1d6ee6b42b2676574
Vegas/Examples/SequentialValidation/Histories.lean,archive/se-generalization/lean/Vegas/Examples/SequentialValidation/Histories.lean.txt,outside retained dependency set,e8777cc1a470300b5089c75eb48abe04e02b6c771165fe20f80d6c2a7f9012f5
Vegas/Examples/SequentialValidation/History.lean,archive/se-generalization/lean/Vegas/Examples/SequentialValidation/History.lean.txt,outside retained dependency set,54eb346da39151b016d9d1f73470e9a0d4b12d2aa9a84466e7f649d243956788
Vegas/Examples/SequentialValidation/Impossibility.lean,archive/se-generalization/lean/Vegas/Examples/SequentialValidation/Impossibility.lean.txt,outside retained dependency set,6406e2a7f954b06b0be4bdc9f855d41b1f0501b7150d3dc85bcbb7e6d22c5e0d
Vegas/Examples/SequentialValidation/Incentives.lean,archive/se-generalization/lean/Vegas/Examples/SequentialValidation/Incentives.lean.txt,outside retained dependency set,e04050582defced197ae5544c2f6e0939eb1f7bdb5677ab78999a1491fffb101
Vegas/Examples/SequentialValidation/Information.lean,archive/se-generalization/lean/Vegas/Examples/SequentialValidation/Information.lean.txt,outside retained dependency set,d9f79e6ead3660f1b004276257ebfcb66c0d0bdc21608b9b9f994f0c09541e62
Vegas/Examples/SequentialValidation/Kernel.lean,archive/se-generalization/lean/Vegas/Examples/SequentialValidation/Kernel.lean.txt,outside retained dependency set,c7f7e05f86714d24464aaeefaeb2ecb9f4710c697c5f93f921057cacd6e2690d
Vegas/Examples/SequentialValidation/Native.lean,archive/se-generalization/lean/Vegas/Examples/SequentialValidation/Native.lean.txt,outside retained dependency set,c13e1abdc3e730f99f08c6445855ff7d9ad53395e343497fcdf3b0eedb1bc434
Vegas/Examples/SequentialValidation/NativeIncentives.lean,archive/se-generalization/lean/Vegas/Examples/SequentialValidation/NativeIncentives.lean.txt,outside retained dependency set,370f4bef775c1a853fc4f25d677c4c1e4b6ddfd24b218afd2fbbdfb403e1f971
Vegas/Examples/SequentialValidation/Prefix.lean,archive/se-generalization/lean/Vegas/Examples/SequentialValidation/Prefix.lean.txt,outside retained dependency set,fd7b7070242b2bb254449067fc23bb7f3def39705a173b8587e2353a7a088be9
Vegas/Examples/SequentialValidation/Probabilities.lean,archive/se-generalization/lean/Vegas/Examples/SequentialValidation/Probabilities.lean.txt,outside retained dependency set,2e07edc7a6dfe49df8226deb41dec3a97aaf395d2ac3744a48e4e4398ff0d058
Vegas/Examples/SequentialValidation/Response.lean,archive/se-generalization/lean/Vegas/Examples/SequentialValidation/Response.lean.txt,outside retained dependency set,829e8fbc9f038328d9c25bcd4ade39f4c1ebcf4dfd0dbe0a501d92b1ab5790c7
Vegas/Examples/SequentialValidation/Selection.lean,archive/se-generalization/lean/Vegas/Examples/SequentialValidation/Selection.lean.txt,outside retained dependency set,848e6cfbc2ac8e903aca3f3b5e83f369b279ec11f3d8a00262008e13cf219b46
Vegas/Examples/SequentialValidation/Service.lean,archive/se-generalization/lean/Vegas/Examples/SequentialValidation/Service.lean.txt,outside retained dependency set,2446d7e63fc36ce645d723ba1849c995d9445730674933a1ffbcc482bcc36190
Vegas/Examples/SequentialValidation/Source.lean,archive/se-generalization/lean/Vegas/Examples/SequentialValidation/Source.lean.txt,outside retained dependency set,6b3dc9d6b00944185f201d062408c8c0e62c1ed070cb88eca563ee4b3779ed1c
Vegas/Examples/SequentialValidation/Symmetry.lean,archive/se-generalization/lean/Vegas/Examples/SequentialValidation/Symmetry.lean.txt,outside retained dependency set,deab0d50013304ea558ceaae1b06a9d1bae11b4a4b8bd8e0b5fba7b75dc62d2b
Vegas/Examples/SequentialValidation/Tail.lean,archive/se-generalization/lean/Vegas/Examples/SequentialValidation/Tail.lean.txt,outside retained dependency set,26915cde867cce60ecf9c31238e57a8f70e6ec2ab3ffddf228454c7afee8b520
Vegas/Examples/SetupProtocol.lean,archive/se-generalization/lean/Vegas/Examples/SetupProtocol.lean.txt,outside retained dependency set,f79f5d2bc0ec513a9e2c35ee520533cc9a2e39b958c11cb0597ca3e1cc6da118
Vegas/Examples/SourceProtocol.lean,archive/se-generalization/lean/Vegas/Examples/SourceProtocol.lean.txt,outside retained dependency set,50af351e2f5ee26a5bf9a9b1f07c889a896b6fc2e433c89fca1c8a8f4aa1b203
Vegas/Examples/SuccessfulEvidenceAliases.lean,archive/se-generalization/lean/Vegas/Examples/SuccessfulEvidenceAliases.lean.txt,outside retained dependency set,6860b30051a224eaa7597364ae2ef61b31eb4caae8b9c301a0e0699426490911
Vegas/Examples/UnusableBindingAudit.lean,archive/se-generalization/lean/Vegas/Examples/UnusableBindingAudit.lean.txt,outside retained dependency set,d7765184d8da5f88051c9fe7ddab36d208f3094294424b7968a2c7c4289e6ca5
Vegas/Game/AsyncServiceBindingBayesResponse.lean,archive/se-generalization/lean/Vegas/Game/AsyncServiceBindingBayesResponse.lean.txt,outside retained dependency set,1cd0810e42b9379bce56dab3e40b4cc2c450959421b64f2bbd154fc77625bd7e
Vegas/Game/AsyncServiceCleanCompletionLaw.lean,archive/se-generalization/lean/Vegas/Game/AsyncServiceCleanCompletionLaw.lean.txt,outside retained dependency set,7415094b57f5a99ca81c6cc9e7a78d8ecc293825ed091de895e83b16d7ed5637
Vegas/Game/AsyncServiceCompatibleRecall.lean,archive/se-generalization/lean/Vegas/Game/AsyncServiceCompatibleRecall.lean.txt,outside retained dependency set,5bce9403921dfc0174b8b1cd7e0d34e6c6bb66f0ad9bf113d11e5d4031a4b6ea
Vegas/Game/AsyncServiceCompatibleWait.lean,archive/se-generalization/lean/Vegas/Game/AsyncServiceCompatibleWait.lean.txt,outside retained dependency set,ced386377c287b7b3458a24c184f5a81545393fadf914dcc3afb4eb7f3d015eb
Vegas/Game/AsyncServiceCounterfactualBeliefs.lean,archive/se-generalization/lean/Vegas/Game/AsyncServiceCounterfactualBeliefs.lean.txt,outside retained dependency set,58b5efbaeacd214bb5c75aa967dc00bf7a4776c70f5ec2b7231b66eac5b135bb
Vegas/Game/AsyncServiceDeposit.lean,archive/se-generalization/lean/Vegas/Game/AsyncServiceDeposit.lean.txt,outside retained dependency set,8911e0bde4b160ef2229aca9bc729ee0cde9ea871fa80b9cbe59b755f0ba9b8d
Vegas/Game/AsyncServiceFirstInputPassage.lean,archive/se-generalization/lean/Vegas/Game/AsyncServiceFirstInputPassage.lean.txt,outside retained dependency set,9cdfa7d7c14a746947c116f8b8d17792c2095c94db0053d1a741f48f4f98a982
Vegas/Game/AsyncServiceFirstTurnBeliefResources.lean,archive/se-generalization/lean/Vegas/Game/AsyncServiceFirstTurnBeliefResources.lean.txt,outside retained dependency set,30248175e0e6364ad637cad13611d841d1848277fac200b2951803e5de887593
Vegas/Game/AsyncServiceFirstTurnLaw.lean,archive/se-generalization/lean/Vegas/Game/AsyncServiceFirstTurnLaw.lean.txt,outside retained dependency set,1b5996ba3770b71d7dc0a557acd7540895e574b4fbde2dc88e0423b291abecae
Vegas/Game/AsyncServiceFirstTurnProfile.lean,archive/se-generalization/lean/Vegas/Game/AsyncServiceFirstTurnProfile.lean.txt,outside retained dependency set,0aa54ad72b1bcf5654dc7a8c5a8fc1c2a6ca88773fc0842b51b02f7075e98064
Vegas/Game/AsyncServiceForeignEscape.lean,archive/se-generalization/lean/Vegas/Game/AsyncServiceForeignEscape.lean.txt,outside retained dependency set,594e5fca35b882352be52b8f407e6b1ec69a3d8b6afa5dd5b1af711b3a3a607b
Vegas/Game/AsyncServiceGuessOptimality.lean,archive/se-generalization/lean/Vegas/Game/AsyncServiceGuessOptimality.lean.txt,outside retained dependency set,d4a855f16c3a95cf9722b4282c89ce661ceaaeaa1c32792d52e35fa9cd1330a8
Vegas/Game/AsyncServiceInformationWait.lean,archive/se-generalization/lean/Vegas/Game/AsyncServiceInformationWait.lean.txt,outside retained dependency set,cfeebe6e7de65f8a1b41470cdd96c69b3cb2bd98ebb269db4d0578825a94232b
Vegas/Game/AsyncServiceInformationWaitDomination.lean,archive/se-generalization/lean/Vegas/Game/AsyncServiceInformationWaitDomination.lean.txt,outside retained dependency set,8dd9b1804dc31149a01edd02359e8fe59d5421a44b5e3b978f9ef1a18aeb3b9a
Vegas/Game/AsyncServiceInitializedDomination.lean,archive/se-generalization/lean/Vegas/Game/AsyncServiceInitializedDomination.lean.txt,outside retained dependency set,c9a5402d089b383edd52ea74e37e20e828ca81827194dc3e83b6d3a5174565e2
Vegas/Game/AsyncServiceOriginalCompletion.lean,archive/se-generalization/lean/Vegas/Game/AsyncServiceOriginalCompletion.lean.txt,outside retained dependency set,bd07eae833ba7bf76bcbb492e6701fb77b3fd6d6efdb724dd092406435032542
Vegas/Game/AsyncServicePrescribedCompletion.lean,archive/se-generalization/lean/Vegas/Game/AsyncServicePrescribedCompletion.lean.txt,outside retained dependency set,6c4c390786126054988d1fff21cb4402b15001de99bc5db09c9f3b73fbeeeb5a
Vegas/Game/AsyncServiceResolutionBayesResponse.lean,archive/se-generalization/lean/Vegas/Game/AsyncServiceResolutionBayesResponse.lean.txt,outside retained dependency set,090936a196650937d0861c112ed29872b1a0064439b49fe7345be1d93cdbf6ac
Vegas/Game/AsyncServiceSourceSites.lean,archive/se-generalization/lean/Vegas/Game/AsyncServiceSourceSites.lean.txt,outside retained dependency set,9a9b9f79e6318346110c4db199f32695a9323624148a71f90c3c25a5a98b0eb8
Vegas/Game/AsyncServiceTrueGuessBayes.lean,archive/se-generalization/lean/Vegas/Game/AsyncServiceTrueGuessBayes.lean.txt,outside retained dependency set,1c9765030c7e91c42b4014c02f49281f275de7b0017d9bca6f1aa06670431c5a
Vegas/Game/AsyncServiceWithholdingBayesBound.lean,archive/se-generalization/lean/Vegas/Game/AsyncServiceWithholdingBayesBound.lean.txt,outside retained dependency set,f4f8cea00e095169ae9127e97c0a1851b5993ce1fb51bed64e32e3f9082e991b
Vegas/Game/BehavioralSubgame.lean,archive/se-generalization/lean/Vegas/Game/BehavioralSubgame.lean.txt,outside retained dependency set,a2466b82ac80d763bb365504a1f7446c3f89cbf2c6cd32060b33a1041bd77e66
Vegas/Game/BindingCapabilityReadout.lean,archive/se-generalization/lean/Vegas/Game/BindingCapabilityReadout.lean.txt,outside retained dependency set,222c3df84005b6bf7fb004cafaaac814fe00ea4ddf648cde9887c4d07f3aba63
Vegas/Game/BindingCapabilitySubmission.lean,archive/se-generalization/lean/Vegas/Game/BindingCapabilitySubmission.lean.txt,outside retained dependency set,309b91965e06c8400619ae9fbc444363ebac44aea1d8c42e24fa8b7c4b696e16
Vegas/Game/BindingFrameSettlement.lean,archive/se-generalization/lean/Vegas/Game/BindingFrameSettlement.lean.txt,outside retained dependency set,c66a8ec2559d7b1e9210c19ba4fe252f8ad526afbb9ecf5a1c6a881a5bd15c31
Vegas/Game/BindingRepairOpening.lean,archive/se-generalization/lean/Vegas/Game/BindingRepairOpening.lean.txt,outside retained dependency set,0cf8fe0e4a3582061f196eaa7820a5eccf1c423ad77a53e4f9d1e26da74e3463
Vegas/Game/BindingRepairPrefix.lean,archive/se-generalization/lean/Vegas/Game/BindingRepairPrefix.lean.txt,outside retained dependency set,90f1ee81c8a8e069be92796bca69c147fac279bfd06cff47d9ec5f1c1b4e624d
Vegas/Game/BindingSubmissionCoupling.lean,archive/se-generalization/lean/Vegas/Game/BindingSubmissionCoupling.lean.txt,outside retained dependency set,c58ef3e0ad95c8480bb71b1bd542cf7850da8d784aa24163ff4e9c7ac8cef7aa
Vegas/Game/DisclosureProfileJointChannel.lean,archive/se-generalization/lean/Vegas/Game/DisclosureProfileJointChannel.lean.txt,outside retained dependency set,3f7b8836892bf48109b8383441f3053978bf04e6b2c8a163c563482fa466db56
Vegas/Game/DisclosureProfilePrefix.lean,archive/se-generalization/lean/Vegas/Game/DisclosureProfilePrefix.lean.txt,outside retained dependency set,bcbcf5d8854d42af46b0c6484ad2781163f5edd81668060d79c552a5d0ebf34c
Vegas/Game/DisclosureProfileRetraction.lean,archive/se-generalization/lean/Vegas/Game/DisclosureProfileRetraction.lean.txt,outside retained dependency set,3d639dce6f2e883187f9e6b623c4d0c19f81e6fe9ad91d5c8a9ea3c660849333
Vegas/Game/ReactiveCompilation.lean,archive/se-generalization/lean/Vegas/Game/ReactiveCompilation.lean.txt,outside retained dependency set,ca88e697d73c08148f62a820594329c30a6a0aa181daee7012b0e829c7b94987
Vegas/Game/RevealSourceContinuation.lean,archive/se-generalization/lean/Vegas/Game/RevealSourceContinuation.lean.txt,outside retained dependency set,0f526a4e43ee4377b4e22848bd217c982d607e15d32dc50905a5575b74fb9894
Vegas/Game/RevealSourcePayoffBounds.lean,archive/se-generalization/lean/Vegas/Game/RevealSourcePayoffBounds.lean.txt,outside retained dependency set,44a7e21c5f60cfecde8385152278b04504c302832c7b2794642d259448385e73
Vegas/Game/ServicePlanPolicies.lean,archive/se-generalization/lean/Vegas/Game/ServicePlanPolicies.lean.txt,outside retained dependency set,ec2d683ff38cd2e83c3a0a83675d6313fbfeda9d1fc40ffc2e6433b9ca7db031
Vegas/Game/ServiceRosterDecisionSupport.lean,archive/se-generalization/lean/Vegas/Game/ServiceRosterDecisionSupport.lean.txt,outside retained dependency set,987d88d832422672cca80686a6d1a0e8a3e8ecd125925c2d267c22dff6abfdd3
Vegas/Game/ServiceRosterPolicy.lean,archive/se-generalization/lean/Vegas/Game/ServiceRosterPolicy.lean.txt,outside retained dependency set,9a825058ea70e5d72728d32296ee59f7f1109f31d65e008d0c8cd8771ff5e3c4
Vegas/Game/ServiceRosterTiming.lean,archive/se-generalization/lean/Vegas/Game/ServiceRosterTiming.lean.txt,outside retained dependency set,aa3516918688dd2d27e89ff601145d6609e0b638d93b1d08e5eb6a6e35eaaa74
Vegas/Game/ServiceSettledAudit.lean,archive/se-generalization/lean/Vegas/Game/ServiceSettledAudit.lean.txt,outside retained dependency set,c1878675fad723e45aa47476e94b0cc8253a45d8a46f085252d04270a2244354
Vegas/Game/SetupSubgame.lean,archive/se-generalization/lean/Vegas/Game/SetupSubgame.lean.txt,outside retained dependency set,2eabbb3902c65ea568305288665ea66b72b315843dee9f9d04da361bbb8e107c
Vegas/Game/SourceObservationRecall.lean,archive/se-generalization/lean/Vegas/Game/SourceObservationRecall.lean.txt,outside retained dependency set,06fe7d445a25c3c023ab88fb35ce604efbbeaa6655abb892411e50dba7a87e99
Vegas/Game/SourceRevealChoices.lean,archive/se-generalization/lean/Vegas/Game/SourceRevealChoices.lean.txt,outside retained dependency set,87f0dce3b89c0f78680b4d6ebaa7bc2431074652e57752e57355e2f14380bf97
Vegas/Game/SourceServiceAliasEquilibrium.lean,archive/se-generalization/lean/Vegas/Game/SourceServiceAliasEquilibrium.lean.txt,outside retained dependency set,7d2135add847da8cc595556bd350fe3d34a8792d2f6d751c4021fb39fd9b6d69
Vegas/Game/SourceServiceAlignedConstructors.lean,archive/se-generalization/lean/Vegas/Game/SourceServiceAlignedConstructors.lean.txt,outside retained dependency set,2a4bd979900d138484f61c34d64dd6a4f5235de575cbbde95710fc424b569829
Vegas/Game/SourceServiceAsyncFactorization.lean,archive/se-generalization/lean/Vegas/Game/SourceServiceAsyncFactorization.lean.txt,outside retained dependency set,aa6930cf755954d7cdd681ba00cf77ea1ba09502270f13bb81ee821fea94e03b
Vegas/Game/SourceServiceAuditableCollection.lean,archive/se-generalization/lean/Vegas/Game/SourceServiceAuditableCollection.lean.txt,outside retained dependency set,1f757c3ceeb2b831af242408b3572b553036f30597c463c53ad08d2816716326
Vegas/Game/SourceServiceAuthorizationBreach.lean,archive/se-generalization/lean/Vegas/Game/SourceServiceAuthorizationBreach.lean.txt,outside retained dependency set,e0ac092ba24a8628710b8705f5adc87a2a23abfa650a29f2b477de0018257f57
Vegas/Game/SourceServiceBindingAcceptancePosterior.lean,archive/se-generalization/lean/Vegas/Game/SourceServiceBindingAcceptancePosterior.lean.txt,outside retained dependency set,02bfff70470ae0f65d1b1b7cd6bbc3d7296776d3cf9b45a98d631752f084f47e
Vegas/Game/SourceServiceBindingAttemptCompletion.lean,archive/se-generalization/lean/Vegas/Game/SourceServiceBindingAttemptCompletion.lean.txt,outside retained dependency set,3f4bf85a551067204379fb72b3b5cf29b0be96a1c86bd04e983fefdb56aa9518
Vegas/Game/SourceServiceBindingAttemptLaw.lean,archive/se-generalization/lean/Vegas/Game/SourceServiceBindingAttemptLaw.lean.txt,outside retained dependency set,4f6a2ca13e858b5565f82b19e15e309c9b7116989ca6d01058cdaa136e0dbbe7
Vegas/Game/SourceServiceBindingChoiceSelection.lean,archive/se-generalization/lean/Vegas/Game/SourceServiceBindingChoiceSelection.lean.txt,outside retained dependency set,5a380d7d1edd8ef66a587f8c4cdd848981fef4a407c496bc827a0001a97ccaf1
Vegas/Game/SourceServiceBindingDecisionFactorization.lean,archive/se-generalization/lean/Vegas/Game/SourceServiceBindingDecisionFactorization.lean.txt,outside retained dependency set,fb9f00a1257c7a444926b0b1652208f6d4f3bbd12acdc03367798de6a3b6f017
Vegas/Game/SourceServiceBindingFirstPacket.lean,archive/se-generalization/lean/Vegas/Game/SourceServiceBindingFirstPacket.lean.txt,outside retained dependency set,5b97ad1b529205969d55d0f68ee1c3440360f7ef3354ff7bb6fc3744582d5a64
Vegas/Game/SourceServiceBindingNoAttempt.lean,archive/se-generalization/lean/Vegas/Game/SourceServiceBindingNoAttempt.lean.txt,outside retained dependency set,59f670f39af304f40a5fa5a038dab30bb96422d72209884af80bd15ef3d5d80d
Vegas/Game/SourceServiceBindingPrefixCompletion.lean,archive/se-generalization/lean/Vegas/Game/SourceServiceBindingPrefixCompletion.lean.txt,outside retained dependency set,5c6e1ffe9b222f0bb5bea35617bd0144e06528ded3768c7cca574f512e585abd
Vegas/Game/SourceServiceBindingProtectedAttempt.lean,archive/se-generalization/lean/Vegas/Game/SourceServiceBindingProtectedAttempt.lean.txt,outside retained dependency set,ac17cebc3ce295023a2247fe8a12b7bba7703f3c248d3837e7849712b791b1c6
Vegas/Game/SourceServiceBindingResponseCompletion.lean,archive/se-generalization/lean/Vegas/Game/SourceServiceBindingResponseCompletion.lean.txt,outside retained dependency set,ed8c782f69d9bacb06e63f02f957a2554695963b15a5156d93e6f8a08e05f9ca
Vegas/Game/SourceServiceBindingResponseFactorization.lean,archive/se-generalization/lean/Vegas/Game/SourceServiceBindingResponseFactorization.lean.txt,outside retained dependency set,c953f45a50b431da1ec97d71e7e226053035ded2233bf20a502f9eeeddc560e9
Vegas/Game/SourceServiceBindingSelectedAssembly.lean,archive/se-generalization/lean/Vegas/Game/SourceServiceBindingSelectedAssembly.lean.txt,outside retained dependency set,a27a50bdf81a7c2c1bcf06fd7e7970e72a4dac07665f8e4f7edbd0e9ae322acf
Vegas/Game/SourceServiceBindingSelectedAttemptLaw.lean,archive/se-generalization/lean/Vegas/Game/SourceServiceBindingSelectedAttemptLaw.lean.txt,outside retained dependency set,d034a437feb069e1c63d4befeda1bfcfea2c58a63c544dbae803f7678c181ef0
Vegas/Game/SourceServiceBindingSelectedClosedCompletion.lean,archive/se-generalization/lean/Vegas/Game/SourceServiceBindingSelectedClosedCompletion.lean.txt,outside retained dependency set,abbbf9b9ed5d053b2d87013ac6635db70e5a113db2f0b04be3b6fc7d90425e40
Vegas/Game/SourceServiceBindingSelectedCompletionLaw.lean,archive/se-generalization/lean/Vegas/Game/SourceServiceBindingSelectedCompletionLaw.lean.txt,outside retained dependency set,6fab88ec64eb47022373624566585457f3e59f24acc4e42082e535d08d026326
Vegas/Game/SourceServiceBindingSelectedInput.lean,archive/se-generalization/lean/Vegas/Game/SourceServiceBindingSelectedInput.lean.txt,outside retained dependency set,d32601b62244dd9495bed2da95c8b8aa574725b79a0e9a2d80a68cf60012d8a9
Vegas/Game/SourceServiceBindingSelectedReference.lean,archive/se-generalization/lean/Vegas/Game/SourceServiceBindingSelectedReference.lean.txt,outside retained dependency set,5af93cc7021e5268fb0ce5a8ee656fca49f30cd34182ceb8ad7a11da056a21ec
Vegas/Game/SourceServiceBindingSelectedResources.lean,archive/se-generalization/lean/Vegas/Game/SourceServiceBindingSelectedResources.lean.txt,outside retained dependency set,4c463a98eeb60a87294461c6884ec373373efc642d70e668aaa924213f94b20f
Vegas/Game/SourceServiceBindingSelection.lean,archive/se-generalization/lean/Vegas/Game/SourceServiceBindingSelection.lean.txt,outside retained dependency set,e73e8814f30655d218fbfcc32e52410c63488788191100851d3980dbb30f0e16
Vegas/Game/SourceServiceBindingStoppedResponse.lean,archive/se-generalization/lean/Vegas/Game/SourceServiceBindingStoppedResponse.lean.txt,outside retained dependency set,62a5177c1e2a608b937d3b9da73708e99b8f39e437759f3de5be657cc9a40415
Vegas/Game/SourceServiceCalendarAudit.lean,archive/se-generalization/lean/Vegas/Game/SourceServiceCalendarAudit.lean.txt,outside retained dependency set,b48767d57c1d8f4186ea84d54bd9c954a327f457ed8a7a235f0d618cf76482cb
Vegas/Game/SourceServiceCalendarClock.lean,archive/se-generalization/lean/Vegas/Game/SourceServiceCalendarClock.lean.txt,outside retained dependency set,b5a08c4216028a130ab43f94b652a853e411c9ea9fc5880eb6c90c4453b01db5
Vegas/Game/SourceServiceCalendarInstance.lean,archive/se-generalization/lean/Vegas/Game/SourceServiceCalendarInstance.lean.txt,outside retained dependency set,d66c6920af2afd4ae79a992b3910cf4798c062553281850ae8b5b5f5fbecd474
Vegas/Game/SourceServiceCalendarSettledSound.lean,archive/se-generalization/lean/Vegas/Game/SourceServiceCalendarSettledSound.lean.txt,outside retained dependency set,49d2d4ea852e35c17dcb7a632986780d5daa9ee6c2ad88c69495c5acd3cbb931
Vegas/Game/SourceServiceCanonicalRestart.lean,archive/se-generalization/lean/Vegas/Game/SourceServiceCanonicalRestart.lean.txt,outside retained dependency set,f5938144a1134e452370f98ba8d855223bd5113009fed1e355b3062d9ec8459f
Vegas/Game/SourceServiceCanonicalRestartSettlement.lean,archive/se-generalization/lean/Vegas/Game/SourceServiceCanonicalRestartSettlement.lean.txt,outside retained dependency set,50e8d6b3219ced8f75f23853eab670f6b14b4e4b38e23a95f3cdd44154ece0b6
Vegas/Game/SourceServiceCanonicalSettlement.lean,archive/se-generalization/lean/Vegas/Game/SourceServiceCanonicalSettlement.lean.txt,outside retained dependency set,923a92adba78d4633932822724ed6bacb0c98f96d986e07471bc6f36c4afa633
Vegas/Game/SourceServiceCleanContinuation.lean,archive/se-generalization/lean/Vegas/Game/SourceServiceCleanContinuation.lean.txt,outside retained dependency set,adac2d5c549781f2fdd2f33b009275f69522cc2434fbd3c416ca5357d266fc3c
Vegas/Game/SourceServiceCleanPrefixLaw.lean,archive/se-generalization/lean/Vegas/Game/SourceServiceCleanPrefixLaw.lean.txt,outside retained dependency set,de181eaea0d9354b8e9cd3680caf70529bbb8d7b7ae1a9e67f8dd47ec9c785c8
Vegas/Game/SourceServiceClearAudit.lean,archive/se-generalization/lean/Vegas/Game/SourceServiceClearAudit.lean.txt,outside retained dependency set,5bcbdd4a51cc460cb18145941fbe2208737e1cde4c1801e96b7529be98813c76
Vegas/Game/SourceServiceCommittedImmediateComparator.lean,archive/se-generalization/lean/Vegas/Game/SourceServiceCommittedImmediateComparator.lean.txt,outside retained dependency set,b01db61d48e827fd67041a7ff6d792a9707f3752a26fa2edc74966e3a838248d
Vegas/Game/SourceServiceCompatibleBindingResponse.lean,archive/se-generalization/lean/Vegas/Game/SourceServiceCompatibleBindingResponse.lean.txt,outside retained dependency set,08f358652a7c4a369f2dd856fb5775b8cd17bcae02c02869f054d33aaa1c9155
Vegas/Game/SourceServiceCompatibleChargedComparison.lean,archive/se-generalization/lean/Vegas/Game/SourceServiceCompatibleChargedComparison.lean.txt,outside retained dependency set,08773b8bd02e8103db002f501591a04cc60bb39f1fd36c88a20240df4acefd79
Vegas/Game/SourceServiceCompatibleImmediateAudit.lean,archive/se-generalization/lean/Vegas/Game/SourceServiceCompatibleImmediateAudit.lean.txt,outside retained dependency set,25d6b434fc381263c4144e87edb3555e8746bdb69360009825571831dd63866b
Vegas/Game/SourceServiceCompatiblePinValue.lean,archive/se-generalization/lean/Vegas/Game/SourceServiceCompatiblePinValue.lean.txt,outside retained dependency set,a7d1692b873ec12a0488e8f44874fb5fd4c615d914b1dbd35df6c78555242c96
Vegas/Game/SourceServiceCompletedCommands.lean,archive/se-generalization/lean/Vegas/Game/SourceServiceCompletedCommands.lean.txt,outside retained dependency set,3e90373566de2eb7098734b0e38cf786aaf81556cfc2b7e432b27deaff5846eb
Vegas/Game/SourceServiceCompletedContinuation.lean,archive/se-generalization/lean/Vegas/Game/SourceServiceCompletedContinuation.lean.txt,outside retained dependency set,8496608806a0a3340503991881c8e5f68c25d5255c890690498d6010814b55ac
Vegas/Game/SourceServiceCompletedInvocation.lean,archive/se-generalization/lean/Vegas/Game/SourceServiceCompletedInvocation.lean.txt,outside retained dependency set,274bc061c04ece594934fb785c0b23e9777d9241375e3cbb35b7036d7edcef73
Vegas/Game/SourceServiceCompletedPacket.lean,archive/se-generalization/lean/Vegas/Game/SourceServiceCompletedPacket.lean.txt,outside retained dependency set,55258dfa67cd86a7760239df43b98259d79910aab5677f93056e3ba59c9c5126
Vegas/Game/SourceServiceCompletedRationality.lean,archive/se-generalization/lean/Vegas/Game/SourceServiceCompletedRationality.lean.txt,outside retained dependency set,f62b0c4f0f264143225dba1260ed5a786d1d4bc7402037d79767a9a124a97b84
Vegas/Game/SourceServiceCompletedResponse.lean,archive/se-generalization/lean/Vegas/Game/SourceServiceCompletedResponse.lean.txt,outside retained dependency set,c7b7213e90def86974fbbc9b36f334ddbb66f4fe74d0bcfb260b3fbfa5fac312
Vegas/Game/SourceServiceCompletedResume.lean,archive/se-generalization/lean/Vegas/Game/SourceServiceCompletedResume.lean.txt,outside retained dependency set,3edbc2de187a74f9d3a7a048f42a36ea00857974c7ab9ff872d031f3d524cac2
Vegas/Game/SourceServiceCompletedRound.lean,archive/se-generalization/lean/Vegas/Game/SourceServiceCompletedRound.lean.txt,outside retained dependency set,42fcef672af47c8316a68951364b9ff86b2d31bb2b14b2e20348acd8f8821292
Vegas/Game/SourceServiceCompletionBoundary.lean,archive/se-generalization/lean/Vegas/Game/SourceServiceCompletionBoundary.lean.txt,outside retained dependency set,56d50339610c36543602fc91a62ea12ef390e68473a5bc1a645d5a8601494efd
Vegas/Game/SourceServiceDecisionMiss.lean,archive/se-generalization/lean/Vegas/Game/SourceServiceDecisionMiss.lean.txt,outside retained dependency set,896154a2c76ac9f4325aa9c31b6fa5d32e662587569be6b57147a1b530310033
Vegas/Game/SourceServiceDecisionRecallPosterior.lean,archive/se-generalization/lean/Vegas/Game/SourceServiceDecisionRecallPosterior.lean.txt,outside retained dependency set,b11021ecd9c87ca02d088123fc65f5cbd84c713e048e4d4ee3e3f3968358b9e8
Vegas/Game/SourceServiceDecisionTimingPosterior.lean,archive/se-generalization/lean/Vegas/Game/SourceServiceDecisionTimingPosterior.lean.txt,outside retained dependency set,5db65e962c98dd50ca8e50c188e930c5bb62b57b654d032820b2ca81ab2e7a43
Vegas/Game/SourceServiceDecoderSlice.lean,archive/se-generalization/lean/Vegas/Game/SourceServiceDecoderSlice.lean.txt,outside retained dependency set,e2262f16c4ca100d4955b6f95a71353be89308ae36c994f08df23fc0e80ce097
Vegas/Game/SourceServiceDuplicatePackets.lean,archive/se-generalization/lean/Vegas/Game/SourceServiceDuplicatePackets.lean.txt,outside retained dependency set,6418e796bac86f499307c33b49af7cac994e58a5417eaa5868b036e0fcf27d39
Vegas/Game/SourceServiceEffectiveImmediateComparator.lean,archive/se-generalization/lean/Vegas/Game/SourceServiceEffectiveImmediateComparator.lean.txt,outside retained dependency set,461d738fe18f0467ab83be48e2aed1544362d86cc749197c78dc870e4537c7e2
Vegas/Game/SourceServiceFirstActivation.lean,archive/se-generalization/lean/Vegas/Game/SourceServiceFirstActivation.lean.txt,outside retained dependency set,dc9b19570d61fddde43c08a3e878d24275d996050af3a5e5976c6a8e4e55aec8
Vegas/Game/SourceServiceFirstActivationFactorization.lean,archive/se-generalization/lean/Vegas/Game/SourceServiceFirstActivationFactorization.lean.txt,outside retained dependency set,20cbaca04f59d69beefd53785dac6af173c83dc2b1d63101c7758d4b7065fa7d
Vegas/Game/SourceServiceFirstActivationResources.lean,archive/se-generalization/lean/Vegas/Game/SourceServiceFirstActivationResources.lean.txt,outside retained dependency set,3985525ec92c1b6fcda4a6762e33c7de159229565a68f5b7a6cc3d148fb39a7d
Vegas/Game/SourceServiceFirstBindingTraffic.lean,archive/se-generalization/lean/Vegas/Game/SourceServiceFirstBindingTraffic.lean.txt,outside retained dependency set,7d549ec4411671bfe7eae75c49b088971ccd39c8413536e077825f46d1ff54c5
Vegas/Game/SourceServiceFirstInputAncestor.lean,archive/se-generalization/lean/Vegas/Game/SourceServiceFirstInputAncestor.lean.txt,outside retained dependency set,fa726077a5aa9fa8fc3f95eae2654d1776b9a3186906f3830bbb47b50af4bfff
Vegas/Game/SourceServiceFirstInputNativePosterior.lean,archive/se-generalization/lean/Vegas/Game/SourceServiceFirstInputNativePosterior.lean.txt,outside retained dependency set,e9569f618ad60f31d143cf3176cedbcc6213a743dae06afa26c68b165c58ed62
Vegas/Game/SourceServiceFirstInputPassage.lean,archive/se-generalization/lean/Vegas/Game/SourceServiceFirstInputPassage.lean.txt,outside retained dependency set,ac8bd502f236e2522af3868964f220e56a8c0dfc0d3dcbefeafb5d0876f5bd15
Vegas/Game/SourceServiceFirstInputReadoutPosterior.lean,archive/se-generalization/lean/Vegas/Game/SourceServiceFirstInputReadoutPosterior.lean.txt,outside retained dependency set,1d42b2449f5e07ecf372ce6ed497e00418664ae3dde6761735231dac92330f72
Vegas/Game/SourceServiceFirstInputSourceLaw.lean,archive/se-generalization/lean/Vegas/Game/SourceServiceFirstInputSourceLaw.lean.txt,outside retained dependency set,a458a7c7c5b3bf288d6d439d22ddd5a1718f9d48594cdc20a7a1a99a3c1d22cc
Vegas/Game/SourceServiceFirstInputTerminalLaw.lean,archive/se-generalization/lean/Vegas/Game/SourceServiceFirstInputTerminalLaw.lean.txt,outside retained dependency set,52e8cfd36fb49e698714787f50426834a5cfaf986290040c4b9368eb4d792eec
Vegas/Game/SourceServiceFirstResolutionCoupling.lean,archive/se-generalization/lean/Vegas/Game/SourceServiceFirstResolutionCoupling.lean.txt,outside retained dependency set,aaf50d29c8966497400ab6fb9f8e42a5c1872e63f13e0f0c649ef808ce412c6a
Vegas/Game/SourceServiceFirstResolutionTraffic.lean,archive/se-generalization/lean/Vegas/Game/SourceServiceFirstResolutionTraffic.lean.txt,outside retained dependency set,1ae88197de1dc61c0f211bcb2b95e05a4bbeb873909f5ed404df59b029ba7da7
Vegas/Game/SourceServiceFirstTurnAudit.lean,archive/se-generalization/lean/Vegas/Game/SourceServiceFirstTurnAudit.lean.txt,outside retained dependency set,d4219a01246f33caed582d84a58f49d904449bdb25ba7edd832c15020aeb069c
Vegas/Game/SourceServiceFirstTurnBindingFactorization.lean,archive/se-generalization/lean/Vegas/Game/SourceServiceFirstTurnBindingFactorization.lean.txt,outside retained dependency set,556613168d0bea483cb99acf2881a86fef73a82d35512fa2bce329b38b0a9c3a
Vegas/Game/SourceServiceFirstTurnCalls.lean,archive/se-generalization/lean/Vegas/Game/SourceServiceFirstTurnCalls.lean.txt,outside retained dependency set,854cb678c90e52a916f61293eb8b4eb6630ebca926f6b44432b4c6e4034dd064
Vegas/Game/SourceServiceFirstTurnCompletes.lean,archive/se-generalization/lean/Vegas/Game/SourceServiceFirstTurnCompletes.lean.txt,outside retained dependency set,e0adac22cc1a9f003c68d9282838a5193ae1171a6a2ce46c7523c603e5184ac7
Vegas/Game/SourceServiceFirstTurnInformation.lean,archive/se-generalization/lean/Vegas/Game/SourceServiceFirstTurnInformation.lean.txt,outside retained dependency set,c4ccf8ef71dc2175ff45d1c4d74b73913a6b1379f7780d49e9d01fed0e8ca86a
Vegas/Game/SourceServiceFirstTurnNoMiss.lean,archive/se-generalization/lean/Vegas/Game/SourceServiceFirstTurnNoMiss.lean.txt,outside retained dependency set,30ef55c10598e0e0bed7fe9f7f6d973e1ecf496d853c93bdf8eb96264d2efead
Vegas/Game/SourceServiceFirstTurnOpportunity.lean,archive/se-generalization/lean/Vegas/Game/SourceServiceFirstTurnOpportunity.lean.txt,outside retained dependency set,df87fce7e0add0430045d14a876fce275de5ec7ceceb142c003853aff7a283da
Vegas/Game/SourceServiceFirstTurnPrefix.lean,archive/se-generalization/lean/Vegas/Game/SourceServiceFirstTurnPrefix.lean.txt,outside retained dependency set,d501ac3d145ed179696cd25e5f67684b5f6e81ba7c67fbdf01bb9d3f292aab37
Vegas/Game/SourceServiceFirstTurnRankFactorization.lean,archive/se-generalization/lean/Vegas/Game/SourceServiceFirstTurnRankFactorization.lean.txt,outside retained dependency set,20582975eebb1fa999df82bd604fbf10cab4dd57a923deb04dcfb2400a8ba7bb
Vegas/Game/SourceServiceFirstTurnRanks.lean,archive/se-generalization/lean/Vegas/Game/SourceServiceFirstTurnRanks.lean.txt,outside retained dependency set,e824ab5f52a2b562b6bc39b70c89fd7e91d953eda9688b6c2618b754bd1bb7a4
Vegas/Game/SourceServiceFirstTurnResolutionFactorization.lean,archive/se-generalization/lean/Vegas/Game/SourceServiceFirstTurnResolutionFactorization.lean.txt,outside retained dependency set,b60d2e05feb94628b52c6841e0a6908adbe248e6cf8a1545560406d5d82f3b22
Vegas/Game/SourceServiceFirstTurnRisk.lean,archive/se-generalization/lean/Vegas/Game/SourceServiceFirstTurnRisk.lean.txt,outside retained dependency set,9c07b5e240e180886ca0bc9089cc13d235bfb22ccf386829a30fe706c02750ed
Vegas/Game/SourceServiceFirstTurnSafe.lean,archive/se-generalization/lean/Vegas/Game/SourceServiceFirstTurnSafe.lean.txt,outside retained dependency set,70ffad5de6a6273341be99f51a6bc2f2ca3bdc4e9e2316f31167cfecfee1ccd4
Vegas/Game/SourceServiceFirstTurnSampleFactorization.lean,archive/se-generalization/lean/Vegas/Game/SourceServiceFirstTurnSampleFactorization.lean.txt,outside retained dependency set,9e0ee878dacfc2a3cd2340afad849d43202ed1faf6fe58ec8dbaf491bad5cf2b
Vegas/Game/SourceServiceFirstTurnSharedCheckpoint.lean,archive/se-generalization/lean/Vegas/Game/SourceServiceFirstTurnSharedCheckpoint.lean.txt,outside retained dependency set,5fa85afb354ee2a180a56aea478f866654ca7429424faeed1fcd7ef64d85e7ad
Vegas/Game/SourceServiceFreeRationality.lean,archive/se-generalization/lean/Vegas/Game/SourceServiceFreeRationality.lean.txt,outside retained dependency set,685a76e0ed2cb225892c4a987f3b37551e8f564d683e26643027a7a7eea04a8c
Vegas/Game/SourceServiceGeometricTiming.lean,archive/se-generalization/lean/Vegas/Game/SourceServiceGeometricTiming.lean.txt,outside retained dependency set,c87885236e93365c81257b420f7c48241289573889a0ef4474f03370f8383987
Vegas/Game/SourceServiceGuardFailure.lean,archive/se-generalization/lean/Vegas/Game/SourceServiceGuardFailure.lean.txt,outside retained dependency set,58b67a1947cb35a3e6e04ebd38a40f49eda3ad02839e5858e3580d58f8de9055
Vegas/Game/SourceServiceImmediateAudit.lean,archive/se-generalization/lean/Vegas/Game/SourceServiceImmediateAudit.lean.txt,outside retained dependency set,84db92a3fbebf44a99d0c8cb0675e68b460a8ffc0f3229f50b17daa1f0b039ec
Vegas/Game/SourceServiceImmediateComparator.lean,archive/se-generalization/lean/Vegas/Game/SourceServiceImmediateComparator.lean.txt,outside retained dependency set,1b6ad04d30e41109b9f1d323619099a26b57eb446866f326ea7048b32020e277
Vegas/Game/SourceServiceImmediatePolicy.lean,archive/se-generalization/lean/Vegas/Game/SourceServiceImmediatePolicy.lean.txt,outside retained dependency set,61dad14abcf5981de456814497604d05296dae785ccb2f91f5a84b77c7b31a38
Vegas/Game/SourceServiceImmediateRecall.lean,archive/se-generalization/lean/Vegas/Game/SourceServiceImmediateRecall.lean.txt,outside retained dependency set,81c3716d4f3a00590a52c26bda6cb5844e5b4194a95b388679a161a563b3eccc
Vegas/Game/SourceServiceImmediateRisk.lean,archive/se-generalization/lean/Vegas/Game/SourceServiceImmediateRisk.lean.txt,outside retained dependency set,5b27248bf9ec2ea370f35a27409f04f63d9fefa55df6094f0b81b790032c1ab5
Vegas/Game/SourceServiceImmediateTrueComparator.lean,archive/se-generalization/lean/Vegas/Game/SourceServiceImmediateTrueComparator.lean.txt,outside retained dependency set,eb01f4739d913356957322b2018d386d42bd223ba886ff39af7c641c8ceb7b2d
Vegas/Game/SourceServiceInitialGuessPayoff.lean,archive/se-generalization/lean/Vegas/Game/SourceServiceInitialGuessPayoff.lean.txt,outside retained dependency set,badb782ef5418a5422c3098e68f0372a1fae973b947a051032e2739481edf0f9
Vegas/Game/SourceServiceInitialObservation.lean,archive/se-generalization/lean/Vegas/Game/SourceServiceInitialObservation.lean.txt,outside retained dependency set,206cda052ee6478c13a009e22cba1f688b936cdf3cfb58861190243b33c7f34e
Vegas/Game/SourceServiceInitialReadout.lean,archive/se-generalization/lean/Vegas/Game/SourceServiceInitialReadout.lean.txt,outside retained dependency set,2376a89d4922e7dcfca4fd6d09c0688bc4d79944a1c4de8e00718966ee8d34b2
Vegas/Game/SourceServiceInitialTraffic.lean,archive/se-generalization/lean/Vegas/Game/SourceServiceInitialTraffic.lean.txt,outside retained dependency set,8766cba6d549978951c7aadcf6030333b5627a77429cfe065f2ec46d525add58
Vegas/Game/SourceServiceLateDecisionCompletion.lean,archive/se-generalization/lean/Vegas/Game/SourceServiceLateDecisionCompletion.lean.txt,outside retained dependency set,ec778d7cc7202211b91e2ae1aaff8ff46cb43766db3f65d7208aff539b7ee278
Vegas/Game/SourceServiceLateTurnCompletion.lean,archive/se-generalization/lean/Vegas/Game/SourceServiceLateTurnCompletion.lean.txt,outside retained dependency set,fb2abe7a9f48ab7aa9b3a83c1675e610eaa07fbbb765f9f316602cab839f823b
Vegas/Game/SourceServiceMissBranchComparison.lean,archive/se-generalization/lean/Vegas/Game/SourceServiceMissBranchComparison.lean.txt,outside retained dependency set,2e68ac1df4abcc4b41e98db623155c33ba8da2e97aafa736404de48e1a10fd5d
Vegas/Game/SourceServiceMissingAssociatedCoupling.lean,archive/se-generalization/lean/Vegas/Game/SourceServiceMissingAssociatedCoupling.lean.txt,outside retained dependency set,f179a0670674a412a143005df6ad29efcce43c32d10c80171edfb6482f1e9863
Vegas/Game/SourceServiceMissingResponseClassification.lean,archive/se-generalization/lean/Vegas/Game/SourceServiceMissingResponseClassification.lean.txt,outside retained dependency set,390b28ffe2cdce3012e8c0debeb0252cee10edc63348637dc0fcfca6d9620b09
Vegas/Game/SourceServiceMissingSignedResponse.lean,archive/se-generalization/lean/Vegas/Game/SourceServiceMissingSignedResponse.lean.txt,outside retained dependency set,86563b0406fbaad5ac1fec14cafee68244ecf067f1237db27b233a1c8745f001
Vegas/Game/SourceServiceMissingStoppedCoupling.lean,archive/se-generalization/lean/Vegas/Game/SourceServiceMissingStoppedCoupling.lean.txt,outside retained dependency set,ab9909e738b03091c0474a1d312d8eb56948187de89aab704afc105a2a13788c
Vegas/Game/SourceServiceNodeKindBreach.lean,archive/se-generalization/lean/Vegas/Game/SourceServiceNodeKindBreach.lean.txt,outside retained dependency set,87892320205ac8ec71488c1391115c881e076d909f72b2dc44a24e9a46df8d1c
Vegas/Game/SourceServiceNoncanonicalBinding.lean,archive/se-generalization/lean/Vegas/Game/SourceServiceNoncanonicalBinding.lean.txt,outside retained dependency set,eaefda8ea828c0def05db2a5a765b8ec2ddd6545851193370324cc2e55f690ed
Vegas/Game/SourceServiceOriginalFirstInput.lean,archive/se-generalization/lean/Vegas/Game/SourceServiceOriginalFirstInput.lean.txt,outside retained dependency set,0898d14a46e0b9cdd23fa25c7d2539f42de8cdf56a6d65c75e90ebabf30628be
Vegas/Game/SourceServiceOriginalFirstInputPosterior.lean,archive/se-generalization/lean/Vegas/Game/SourceServiceOriginalFirstInputPosterior.lean.txt,outside retained dependency set,0e7e9e80078804ca671058a1ed95b9bfa016af1f50f38a419388ebae162dc8d0
Vegas/Game/SourceServiceOriginalPrefix.lean,archive/se-generalization/lean/Vegas/Game/SourceServiceOriginalPrefix.lean.txt,outside retained dependency set,40c292676ffd09102222aed876047e0b7688991d6b68b9fcfa71fb325cf77ee7
Vegas/Game/SourceServiceOriginalPrefixRetraction.lean,archive/se-generalization/lean/Vegas/Game/SourceServiceOriginalPrefixRetraction.lean.txt,outside retained dependency set,71d94d531551b26a0cf9cb835352eddbb9de2570ae435133256415f56afc936f
Vegas/Game/SourceServiceOriginalRankTraffic.lean,archive/se-generalization/lean/Vegas/Game/SourceServiceOriginalRankTraffic.lean.txt,outside retained dependency set,9ee36fe5d0182cdb0633fea261a1b3551b28fbe49240121ba4f2bb12d92b7063
Vegas/Game/SourceServiceOwnerSettled.lean,archive/se-generalization/lean/Vegas/Game/SourceServiceOwnerSettled.lean.txt,outside retained dependency set,1c510d8a27f073177c4756570341bff018c42a5d8e4d35151ce525b248326df2
Vegas/Game/SourceServicePastCommitmentTraffic.lean,archive/se-generalization/lean/Vegas/Game/SourceServicePastCommitmentTraffic.lean.txt,outside retained dependency set,d7c7ec238c65b6396d23aee50a9be0be5f5d2f8988797128b4646addc6bf4bd8
Vegas/Game/SourceServicePastPrefix.lean,archive/se-generalization/lean/Vegas/Game/SourceServicePastPrefix.lean.txt,outside retained dependency set,a81cca693f043e77b40ccc4e5c2780f54ed1ddf09c9f9a51a6becbd0055fd38b
Vegas/Game/SourceServicePendingCommitmentLedger.lean,archive/se-generalization/lean/Vegas/Game/SourceServicePendingCommitmentLedger.lean.txt,outside retained dependency set,f2f5403e45c9f219e9a96fd3caa6998aa36b9836624f66feb78af68c202d4cf3
Vegas/Game/SourceServicePendingPacketOrigin.lean,archive/se-generalization/lean/Vegas/Game/SourceServicePendingPacketOrigin.lean.txt,outside retained dependency set,6a54275d3b8a03a213227a08f4287cc46b171acc0c30d909bd35f943520e928e
Vegas/Game/SourceServicePendingSegment.lean,archive/se-generalization/lean/Vegas/Game/SourceServicePendingSegment.lean.txt,outside retained dependency set,ceb07bd61f7614572b794e223c86116c8485ab0f4613f81fabce03c0a2d3433e
Vegas/Game/SourceServiceProtectedBinding.lean,archive/se-generalization/lean/Vegas/Game/SourceServiceProtectedBinding.lean.txt,outside retained dependency set,3fc5278d9c88f6babd87c1df5b20289afd40eb33572d50f19e55de63d937f491
Vegas/Game/SourceServiceProtectedDecisionCompletion.lean,archive/se-generalization/lean/Vegas/Game/SourceServiceProtectedDecisionCompletion.lean.txt,outside retained dependency set,6d576f417d705129005c6808afd108ff825ca70f6aec161e49e8eb8aaf98f2c4
Vegas/Game/SourceServiceProtectedDecisionLaw.lean,archive/se-generalization/lean/Vegas/Game/SourceServiceProtectedDecisionLaw.lean.txt,outside retained dependency set,af5735ddc542dd844de49d9e91d917b429fcf9b1efeaae3130d66bcd09e48b37
Vegas/Game/SourceServicePublicRejection.lean,archive/se-generalization/lean/Vegas/Game/SourceServicePublicRejection.lean.txt,outside retained dependency set,6520161ffd9cc91b3fcbf7818a16c97d7c9e8f4016cdf49b3e0683c18e4d1b0d
Vegas/Game/SourceServiceReadout.lean,archive/se-generalization/lean/Vegas/Game/SourceServiceReadout.lean.txt,outside retained dependency set,edaaf7de9930f49275e145986adb8ff933a23a0d258174451284004e67995268
Vegas/Game/SourceServiceReadyObservation.lean,archive/se-generalization/lean/Vegas/Game/SourceServiceReadyObservation.lean.txt,outside retained dependency set,f3c57c2a28dc9af15e9fbaa241431810843c25e7dba6f458773db050860cfad2
Vegas/Game/SourceServiceRecordedBindingCompletion.lean,archive/se-generalization/lean/Vegas/Game/SourceServiceRecordedBindingCompletion.lean.txt,outside retained dependency set,000a329015a0d1137d94741f730e33f9e475db557f864ccb27df7b1af957cb8d
Vegas/Game/SourceServiceRecordedCollection.lean,archive/se-generalization/lean/Vegas/Game/SourceServiceRecordedCollection.lean.txt,outside retained dependency set,3e2c40f8d848dba8809e580478210a572ceb18536717c19487a126196d0c6186
Vegas/Game/SourceServiceRecordedDecisionCompletion.lean,archive/se-generalization/lean/Vegas/Game/SourceServiceRecordedDecisionCompletion.lean.txt,outside retained dependency set,fec58a78c7f0f3ba99c128181426e542f6d9af5e8e5c00d8ef4a8e35b0e0c4e2
Vegas/Game/SourceServiceRecordedDecisionRealization.lean,archive/se-generalization/lean/Vegas/Game/SourceServiceRecordedDecisionRealization.lean.txt,outside retained dependency set,38bf03d6408ffb47855c6048ac84f9fef45ce2a33c70ba2d1c2be7bf2ce8766e
Vegas/Game/SourceServiceRecordedPlan.lean,archive/se-generalization/lean/Vegas/Game/SourceServiceRecordedPlan.lean.txt,outside retained dependency set,8a221140e71e315425551f877c67c83d24f1ec16c832ff1fc486c5e17693ca3c
Vegas/Game/SourceServiceRecordedResolutionAlignment.lean,archive/se-generalization/lean/Vegas/Game/SourceServiceRecordedResolutionAlignment.lean.txt,outside retained dependency set,b76da6a9bc8ae3bbab02a2ff4936e8f96be2bb044aa7bfb4c839f7296e54e629
Vegas/Game/SourceServiceRecordedResolutionTraffic.lean,archive/se-generalization/lean/Vegas/Game/SourceServiceRecordedResolutionTraffic.lean.txt,outside retained dependency set,ad49509e29a8d043d34bc4bfab734d7733a84b16d392dfbdd89d65f06aaec622
Vegas/Game/SourceServiceRecordedSourceChoice.lean,archive/se-generalization/lean/Vegas/Game/SourceServiceRecordedSourceChoice.lean.txt,outside retained dependency set,f22eafb085b652c70fe573a2e46d8df38fd6d5f33118cf1571917f37e796fa43
Vegas/Game/SourceServiceRepeatedExitBound.lean,archive/se-generalization/lean/Vegas/Game/SourceServiceRepeatedExitBound.lean.txt,outside retained dependency set,7a0bc16d162ca561f706cd9167f60b7845f03fd540c396ad39ccacf66966b746
Vegas/Game/SourceServiceRepeatedRepair.lean,archive/se-generalization/lean/Vegas/Game/SourceServiceRepeatedRepair.lean.txt,outside retained dependency set,ee9e8240ea4c2a3e4cd780d6f6ef75b306e3963a7052d2b396e1d2a73ad3473b
Vegas/Game/SourceServiceRepeatedSettlement.lean,archive/se-generalization/lean/Vegas/Game/SourceServiceRepeatedSettlement.lean.txt,outside retained dependency set,34137f12e9f3e4ba96ac6d04f4cd847aecb46b1f2f7492116888d6506dd5d61e
Vegas/Game/SourceServiceResidualSites.lean,archive/se-generalization/lean/Vegas/Game/SourceServiceResidualSites.lean.txt,outside retained dependency set,87ebbb81420f10d712eb214e840a52ba292292658486154910e99f4ec7f17b06
Vegas/Game/SourceServiceResolutionComplement.lean,archive/se-generalization/lean/Vegas/Game/SourceServiceResolutionComplement.lean.txt,outside retained dependency set,4f6ff57aef604629adad5d578d2d198527d9ce8d68886d6ae6c027a868fdd50f
Vegas/Game/SourceServiceResolutionDecisionFactorization.lean,archive/se-generalization/lean/Vegas/Game/SourceServiceResolutionDecisionFactorization.lean.txt,outside retained dependency set,ce6d8e6092ca2153bb63a34d8e802010ea1ddf4dd794a52c496687aec12905de
Vegas/Game/SourceServiceResolutionInclusionFactorization.lean,archive/se-generalization/lean/Vegas/Game/SourceServiceResolutionInclusionFactorization.lean.txt,outside retained dependency set,bd7491c1810d68868a8db2a754663847b2a80aa7bd55ef14e775eeba0b38ede3
Vegas/Game/SourceServiceResolutionIntentionFactorization.lean,archive/se-generalization/lean/Vegas/Game/SourceServiceResolutionIntentionFactorization.lean.txt,outside retained dependency set,c95938a8945328c3027b4ce2bfdc62e98088a9b38ad0c0f9a2421a8d844dd14d
Vegas/Game/SourceServiceResolutionLikelihood.lean,archive/se-generalization/lean/Vegas/Game/SourceServiceResolutionLikelihood.lean.txt,outside retained dependency set,b44d5b63eb6921035fc8c9524fb52250b1ff1263f6df14d38248ec02dca92c88
Vegas/Game/SourceServiceResolutionMemoryCompletion.lean,archive/se-generalization/lean/Vegas/Game/SourceServiceResolutionMemoryCompletion.lean.txt,outside retained dependency set,045d6c26b06e6571cc0a03407cb13874a96f64e1dbb43bdc9006ffddf0160f2f
Vegas/Game/SourceServiceResolutionMemoryFactorization.lean,archive/se-generalization/lean/Vegas/Game/SourceServiceResolutionMemoryFactorization.lean.txt,outside retained dependency set,d59f8b0a55c7a617091346191da08b925c30284c073f2e3da2df7a732c7a4c81
Vegas/Game/SourceServiceResolutionMemoryLaw.lean,archive/se-generalization/lean/Vegas/Game/SourceServiceResolutionMemoryLaw.lean.txt,outside retained dependency set,78c58503a98dab1606215f245aecd6b7b83dc9224f9def0aab47acc4368d9999
Vegas/Game/SourceServiceResolutionPhaseTraffic.lean,archive/se-generalization/lean/Vegas/Game/SourceServiceResolutionPhaseTraffic.lean.txt,outside retained dependency set,cc760bf0df174af1176b75921dd76351240f5efbd9208090938e7f29d7dab6dc
Vegas/Game/SourceServiceResolutionProtectedCompletion.lean,archive/se-generalization/lean/Vegas/Game/SourceServiceResolutionProtectedCompletion.lean.txt,outside retained dependency set,a8bc731e1f98837c964a9d58bc1695cf621f47aad504752f3aac3e8b24d4e67f
Vegas/Game/SourceServiceResolutionRecallWindows.lean,archive/se-generalization/lean/Vegas/Game/SourceServiceResolutionRecallWindows.lean.txt,outside retained dependency set,248488eb8356d1f4c42869780a4c9ed15198e3324d789615dc7f8bdeb7e9389b
Vegas/Game/SourceServiceResolutionRequired.lean,archive/se-generalization/lean/Vegas/Game/SourceServiceResolutionRequired.lean.txt,outside retained dependency set,90b20ec49db66e90b630c8d86c91c6f69720c0d0d56a96c27cc7620cb4dcaf42
Vegas/Game/SourceServiceResolutionResponseCompletion.lean,archive/se-generalization/lean/Vegas/Game/SourceServiceResolutionResponseCompletion.lean.txt,outside retained dependency set,068f61b3b8fff0b5e424663a111f8b8404efa2d41fbeb119776cbc2ec9a429d5
Vegas/Game/SourceServiceResolutionResponseLaw.lean,archive/se-generalization/lean/Vegas/Game/SourceServiceResolutionResponseLaw.lean.txt,outside retained dependency set,bd9b3b6b488bd6cb67ffcf6040fd86a94d0ae82a4bfaa52fd7092891515642eb
Vegas/Game/SourceServiceResolutionSelectedCompletionLaw.lean,archive/se-generalization/lean/Vegas/Game/SourceServiceResolutionSelectedCompletionLaw.lean.txt,outside retained dependency set,10851bca260b7a973b0165998401c284b0b12312405b60e76929e69a1fb88a89
Vegas/Game/SourceServiceResponseCompletion.lean,archive/se-generalization/lean/Vegas/Game/SourceServiceResponseCompletion.lean.txt,outside retained dependency set,c1494c9ec73aa16cfd41aa991918f4963531dd3298c8846c0a52e80ac97adc60
Vegas/Game/SourceServiceRestrictedEvaluation.lean,archive/se-generalization/lean/Vegas/Game/SourceServiceRestrictedEvaluation.lean.txt,outside retained dependency set,8fccdcc2acfff50b6c4fc36916e54a95f2b3316421edeccbf2e3d242d036d965
Vegas/Game/SourceServiceRetainedLocalSlots.lean,archive/se-generalization/lean/Vegas/Game/SourceServiceRetainedLocalSlots.lean.txt,outside retained dependency set,ac32a6fb912cf4a6ab23e6666420ed7d457185052f50c8a32efb9b1e3cf46333
Vegas/Game/SourceServiceRetainedPolicy.lean,archive/se-generalization/lean/Vegas/Game/SourceServiceRetainedPolicy.lean.txt,outside retained dependency set,e2df505ead61b51c676900b9068bc714545961a3447d32ff6f7baf6ad7d96c83
Vegas/Game/SourceServiceRetainedSlots.lean,archive/se-generalization/lean/Vegas/Game/SourceServiceRetainedSlots.lean.txt,outside retained dependency set,533e4a3b31423b49890b929d11086acc6f2ca3563eaf02fdd07333194372d89e
Vegas/Game/SourceServiceRiskExtension.lean,archive/se-generalization/lean/Vegas/Game/SourceServiceRiskExtension.lean.txt,outside retained dependency set,890a8249972b385fd809ce4c6f5e85be8f26ec5401a25ff8efc7a424e9e9a26c
Vegas/Game/SourceServiceRiskPolicy.lean,archive/se-generalization/lean/Vegas/Game/SourceServiceRiskPolicy.lean.txt,outside retained dependency set,a7d5821c98bd6560f44d50246cdc62f692203fc7a8cd0247c1595e759bf7dea4
Vegas/Game/SourceServiceRiskPrefix.lean,archive/se-generalization/lean/Vegas/Game/SourceServiceRiskPrefix.lean.txt,outside retained dependency set,f4d47a50d72c84cba98591efdd39c0950b1b2ffa3307339af028b5929cc9785d
Vegas/Game/SourceServiceRiskRawExtension.lean,archive/se-generalization/lean/Vegas/Game/SourceServiceRiskRawExtension.lean.txt,outside retained dependency set,dde0422443731bd891dcd5b5796d3e992b0738673890e3d521274b0fbbc476c8
Vegas/Game/SourceServiceRiskSlots.lean,archive/se-generalization/lean/Vegas/Game/SourceServiceRiskSlots.lean.txt,outside retained dependency set,f77ea4459221dc8115993d47d0d3fa7510e288fbbd78b33aeed3d7515ac1b003
Vegas/Game/SourceServiceRuntime.lean,archive/se-generalization/lean/Vegas/Game/SourceServiceRuntime.lean.txt,outside retained dependency set,1d607c262627a6a83f5e24d868854594d902df3293541737e34e7794454ccebc
Vegas/Game/SourceServiceSampleCompletion.lean,archive/se-generalization/lean/Vegas/Game/SourceServiceSampleCompletion.lean.txt,outside retained dependency set,087ee8773e06c3fb9b0996cea47be57c34dfc2311422e17c1a7919bb36c8a87f
Vegas/Game/SourceServiceSampleEnvironmentFactorization.lean,archive/se-generalization/lean/Vegas/Game/SourceServiceSampleEnvironmentFactorization.lean.txt,outside retained dependency set,3d48d9df39472d9b26009c344d830b95491d6b907a85be343fae5680414bb141
Vegas/Game/SourceServiceSelectedContinuation.lean,archive/se-generalization/lean/Vegas/Game/SourceServiceSelectedContinuation.lean.txt,outside retained dependency set,e69a131eefa6ed353918d05d9eba5ed1d1eb52c7c9d4f73378d4b385bd780a6e
Vegas/Game/SourceServiceSelectedReference.lean,archive/se-generalization/lean/Vegas/Game/SourceServiceSelectedReference.lean.txt,outside retained dependency set,c8b8c8402b3ac017c56440114134276d6819c93095bd6dd68a8820b0e5140dd0
Vegas/Game/SourceServiceSelectedResponse.lean,archive/se-generalization/lean/Vegas/Game/SourceServiceSelectedResponse.lean.txt,outside retained dependency set,bd89b64b86a4439179193cd4256beac54812090954cf07b2109348345afef644
Vegas/Game/SourceServiceSignedCollection.lean,archive/se-generalization/lean/Vegas/Game/SourceServiceSignedCollection.lean.txt,outside retained dependency set,4d9d67469df34739d28b743ba4660ca6206da4aa3be03334ba84a18501a3984c
Vegas/Game/SourceServiceSignedExclusion.lean,archive/se-generalization/lean/Vegas/Game/SourceServiceSignedExclusion.lean.txt,outside retained dependency set,e8f552fe56220c2c62af4981484fdd420a1925a3ae8d3c765dbd4fd91e41f35a
Vegas/Game/SourceServiceSignedInformation.lean,archive/se-generalization/lean/Vegas/Game/SourceServiceSignedInformation.lean.txt,outside retained dependency set,e3c1dc7a005654441e1854fefc6b3664902bcc0766637024e06a672c116ed820
Vegas/Game/SourceServiceSilentDecisionCompletion.lean,archive/se-generalization/lean/Vegas/Game/SourceServiceSilentDecisionCompletion.lean.txt,outside retained dependency set,40975bb4abbf45874f4c50f76d49764d72170de84afd9122365adb3c5a26d3b0
Vegas/Game/SourceServiceSiteBridge.lean,archive/se-generalization/lean/Vegas/Game/SourceServiceSiteBridge.lean.txt,outside retained dependency set,a8b41b5871770aae72ec144e4f81144b225db279792c90fb0d90ee1dd92f9dfe
Vegas/Game/SourceServiceStoppedBindingTraffic.lean,archive/se-generalization/lean/Vegas/Game/SourceServiceStoppedBindingTraffic.lean.txt,outside retained dependency set,e523f9b1df9be676987ee65d2ceaf7eef1618d6254af5ac3c0ac82e1a51f59d8
Vegas/Game/SourceServiceStoppedResolutionTraffic.lean,archive/se-generalization/lean/Vegas/Game/SourceServiceStoppedResolutionTraffic.lean.txt,outside retained dependency set,76a525407d75df2c3eaf0da7c575efa2fa9ba715fb4f2ff57e905b745f7f5d6b
Vegas/Game/SourceServiceStoppedSampleFactorization.lean,archive/se-generalization/lean/Vegas/Game/SourceServiceStoppedSampleFactorization.lean.txt,outside retained dependency set,e75fa21b14d396ce01317e5f5d0cd910bd19b986207ad736b78a259644da6838
Vegas/Game/SourceServiceStoppedSampleTraffic.lean,archive/se-generalization/lean/Vegas/Game/SourceServiceStoppedSampleTraffic.lean.txt,outside retained dependency set,4e0d78484e4c96249b6eaf602270e844beb47b7faf0b60d31eb628344be93e5e
Vegas/Game/SourceServiceTimingMixture.lean,archive/se-generalization/lean/Vegas/Game/SourceServiceTimingMixture.lean.txt,outside retained dependency set,31dce2cecd7d5f7483e01b947b7bf7d22577a0f1869b98e6bfb7b6670c4c38e3
Vegas/Game/SourceServiceTimingRates.lean,archive/se-generalization/lean/Vegas/Game/SourceServiceTimingRates.lean.txt,outside retained dependency set,9d52c2a03cf327e9367555c5a9299a0c72a44434368b2acf7a6432b27ff76207
Vegas/Game/SourceServiceUnclassifiedPending.lean,archive/se-generalization/lean/Vegas/Game/SourceServiceUnclassifiedPending.lean.txt,outside retained dependency set,4b4964bd0ce959e48c0d0731537f9b0a6f23a865435f142ca50325217fbe484d
Vegas/Game/SourceServiceUnclassifiedPendingCommands.lean,archive/se-generalization/lean/Vegas/Game/SourceServiceUnclassifiedPendingCommands.lean.txt,outside retained dependency set,9dee5418b2c8ee9c1fd29bd8fef8f67a98bf421f8d416c4df5e83110355456da
Vegas/Game/SourceServiceUnclassifiedSelection.lean,archive/se-generalization/lean/Vegas/Game/SourceServiceUnclassifiedSelection.lean.txt,outside retained dependency set,00f031cfe313af26eb321aa583193fd5f8e1633f6ddff5544f06c6d4e626f500
Vegas/Game/SourceServiceUnclassifiedSlots.lean,archive/se-generalization/lean/Vegas/Game/SourceServiceUnclassifiedSlots.lean.txt,outside retained dependency set,fe1975507b9cf2654e6c5dd73b69802d668abcee915db2a987d44481f81b3640
Vegas/Game/SourceServiceUnclassifiedTransport.lean,archive/se-generalization/lean/Vegas/Game/SourceServiceUnclassifiedTransport.lean.txt,outside retained dependency set,81aa239da79c6d5ce29b651b63544b0a9e934ba1f525a166daa79b341104b4a6
Vegas/Game/SourceServiceUnfinishedPrefix.lean,archive/se-generalization/lean/Vegas/Game/SourceServiceUnfinishedPrefix.lean.txt,outside retained dependency set,72cf0e5ee3fa7f726350e3d2c93dbcb367152ac4387b148d5d6968138f58cda0
Vegas/Game/SourceServiceUnsentResolution.lean,archive/se-generalization/lean/Vegas/Game/SourceServiceUnsentResolution.lean.txt,outside retained dependency set,2873569bee349def15797c7d95d9b3a6d6f6ede26d4df758697bcd06c08fbc67
Vegas/Game/SourceServiceUnusableBinding.lean,archive/se-generalization/lean/Vegas/Game/SourceServiceUnusableBinding.lean.txt,outside retained dependency set,7dbecef906154d1177bcc360e66ee6e23b7f078c956b91ea2f9dee5acf927ea8
Vegas/Game/SourceServiceUnusableDuplicate.lean,archive/se-generalization/lean/Vegas/Game/SourceServiceUnusableDuplicate.lean.txt,outside retained dependency set,3253174858b5b36fc6c3d28716be8af26708fe289696099c2db34533f10b0dc3
Vegas/Game/SourceServiceUnusablePendingSegment.lean,archive/se-generalization/lean/Vegas/Game/SourceServiceUnusablePendingSegment.lean.txt,outside retained dependency set,1384deaf2ff3232192c531a9e6d7c127577a22f181220a3beac27aa49a9242fd
Vegas/Game/SourceServiceUnusableProtectedCall.lean,archive/se-generalization/lean/Vegas/Game/SourceServiceUnusableProtectedCall.lean.txt,outside retained dependency set,974561bab817fff566b3c0f67ccb11756f21dab447f1559d2dcdfc14ffbc5075
Vegas/Game/SourceServiceUnusableResponseFrame.lean,archive/se-generalization/lean/Vegas/Game/SourceServiceUnusableResponseFrame.lean.txt,outside retained dependency set,c2b28d1e1a9f23191dc91868fabaa0f4eebda2caed928ea1c1cee5fce6762a32
Vegas/Game/SourceServiceUsedBindingOpening.lean,archive/se-generalization/lean/Vegas/Game/SourceServiceUsedBindingOpening.lean.txt,outside retained dependency set,2da6890ca23de085aad44153a0a0e51ab413cd62aed5a0fd18458ee24f3372d3
Vegas/Game/SourceServiceWaitRiskConfounding.lean,archive/se-generalization/lean/Vegas/Game/SourceServiceWaitRiskConfounding.lean.txt,outside retained dependency set,08c0c0e3c104582f61d62d390c49b10f298ee0f139e8a08854569a238c538adb
Vegas/Game/SourceServiceWithholdingCommittedBound.lean,archive/se-generalization/lean/Vegas/Game/SourceServiceWithholdingCommittedBound.lean.txt,outside retained dependency set,6b5937e08fc2e0fd34634659a88af310a3b4e8150de26aec1333ac4992421861
Vegas/Game/SourceServiceWithholdingGuessBound.lean,archive/se-generalization/lean/Vegas/Game/SourceServiceWithholdingGuessBound.lean.txt,outside retained dependency set,b9115eb14dd73aa354b100de659680478e2b0d50660546f08530261cd5d4c733
Vegas/Game/SourceSubgame.lean,archive/se-generalization/lean/Vegas/Game/SourceSubgame.lean.txt,outside retained dependency set,425ead86991d8b64b6338237c516bf0f3bf7019f833dbd538a7be65ff6d89928
Vegas/Game/ZeroSum.lean,archive/se-generalization/lean/Vegas/Game/ZeroSum.lean.txt,outside retained dependency set,d88ec049866b621955e412f440f97c7c67f183a4b0ac07e390dbb08a54ef9ca8
Vegas/Pending/NativeLocality.lean,archive/se-generalization/lean/Vegas/Pending/NativeLocality.lean.txt,outside retained dependency set,a155789fbed57bac5c40e10ba9434495de15fb008930530cae73471d99388aa8
Vegas/Pending/NativeProtocol.lean,archive/se-generalization/lean/Vegas/Pending/NativeProtocol.lean.txt,outside retained dependency set,0dd050f8e1d3e65513639c2a11542b770958e006942abb4799ab39e88a91b5ef
Vegas/Pending/NativeProtocolEvaluation.lean,archive/se-generalization/lean/Vegas/Pending/NativeProtocolEvaluation.lean.txt,outside retained dependency set,552e2839c3839d600e1a48fe0e4bda916791c513f18d12f8c26e73b5dfbb9fb9
Vegas/Pending/NativeProtocolPolicy.lean,archive/se-generalization/lean/Vegas/Pending/NativeProtocolPolicy.lean.txt,outside retained dependency set,791ebe313eb73f39381ebafbf9f0176b5e6c596df29894ceb5cd94a3253f3cb2
Vegas/Pending/NativeProtocolSafety.lean,archive/se-generalization/lean/Vegas/Pending/NativeProtocolSafety.lean.txt,outside retained dependency set,1d672f49d57d40a5a7c5d5e46ff09632e2c3493bfed8fb86ddd0b6ff6a8c3a87
Vegas/Pending/NativeProtocolTermination.lean,archive/se-generalization/lean/Vegas/Pending/NativeProtocolTermination.lean.txt,outside retained dependency set,39591f39c20e97cdf25da41853792a40e710f35c2a5dd22acd9c8050fa00be99
Vegas/Pending/NativeRecall.lean,archive/se-generalization/lean/Vegas/Pending/NativeRecall.lean.txt,outside retained dependency set,72f09532b93953ebbddcfb1ca85f2886e207447c490fd6d3b4638416c2dc1e72
Vegas/Pending/NativeResponse.lean,archive/se-generalization/lean/Vegas/Pending/NativeResponse.lean.txt,outside retained dependency set,1c405e796dd0f402d5e1f64907c86cc43ec0a413b0f4b020ab59ac2ded840e72
Vegas/Pending/NativeResponseSampling.lean,archive/se-generalization/lean/Vegas/Pending/NativeResponseSampling.lean.txt,outside retained dependency set,a7d4321d518ffe8891322a9699a56b118f56826f587f67935689e8c847e1a6c2
Vegas/Pending/PacketNodeKind.lean,archive/se-generalization/lean/Vegas/Pending/PacketNodeKind.lean.txt,outside retained dependency set,ea9368a8cb4ed3bc44c32ca27851f2873d23c625c2b73c5789a3e0ffb09bfdec
Vegas/Pending/ReactiveActiveOpening.lean,archive/se-generalization/lean/Vegas/Pending/ReactiveActiveOpening.lean.txt,outside retained dependency set,5444546ed3adbd3131ea4ee83e3f26e1ef86f53b47243204042b5d9818cd4396
Vegas/Pending/ReactiveAuditEquilibrium.lean,archive/se-generalization/lean/Vegas/Pending/ReactiveAuditEquilibrium.lean.txt,outside retained dependency set,c852a0e0be88ce0a95a8dfd1878ff6819a6c17b482c73be7f0c3348ef334e1a8
Vegas/Pending/ReactiveAuthorization.lean,archive/se-generalization/lean/Vegas/Pending/ReactiveAuthorization.lean.txt,outside retained dependency set,2e5cab6b1e733de7b29dcb93b5ac7fd6a7d65444d303ecc0764144c394bb611d
Vegas/Pending/ReactiveAuthorizationProgress.lean,archive/se-generalization/lean/Vegas/Pending/ReactiveAuthorizationProgress.lean.txt,outside retained dependency set,1fb39e49c604c2a3a38a0d9858c3eecd2a0d5e7dc007774d0d71c1a620b78d52
Vegas/Pending/ReactiveBindingAcceptanceReceipts.lean,archive/se-generalization/lean/Vegas/Pending/ReactiveBindingAcceptanceReceipts.lean.txt,outside retained dependency set,ee19f6a96c91ae35de38c2718b529a263356d2624e9826241c50b7752834e6e0
Vegas/Pending/ReactiveBindingAcceptedOpening.lean,archive/se-generalization/lean/Vegas/Pending/ReactiveBindingAcceptedOpening.lean.txt,outside retained dependency set,654c28ff8edd8ecb0b83016a11e677e65844345a01f6e25b5e4d729878690776
Vegas/Pending/ReactiveBindingAdmission.lean,archive/se-generalization/lean/Vegas/Pending/ReactiveBindingAdmission.lean.txt,outside retained dependency set,93ac1bd944f123fffd701a8543f92c87591ec0886f8f5559426ecd01e252c601
Vegas/Pending/ReactiveBindingAsyncLikelihood.lean,archive/se-generalization/lean/Vegas/Pending/ReactiveBindingAsyncLikelihood.lean.txt,outside retained dependency set,2c145be8bb5e1bc965141168930854cbcc995ebbe2ad637bd130930afa292ce5
Vegas/Pending/ReactiveBindingCandidateAgreement.lean,archive/se-generalization/lean/Vegas/Pending/ReactiveBindingCandidateAgreement.lean.txt,outside retained dependency set,6f8ca437cc3c9dfdebca03606fa0e13ecadce3397c18b485d93d31ae7c223872
Vegas/Pending/ReactiveBindingCertificateRepair.lean,archive/se-generalization/lean/Vegas/Pending/ReactiveBindingCertificateRepair.lean.txt,outside retained dependency set,5e80bc75c78c5ea9b4051d07a5b05bf66097b12cb6227e8bea18183571459d8d
Vegas/Pending/ReactiveBindingCommitmentProvenance.lean,archive/se-generalization/lean/Vegas/Pending/ReactiveBindingCommitmentProvenance.lean.txt,outside retained dependency set,42ba9186924833179da1216c35f7f9eb135e14f41cd17765785cab63a5a80295
Vegas/Pending/ReactiveBindingCommitmentStep.lean,archive/se-generalization/lean/Vegas/Pending/ReactiveBindingCommitmentStep.lean.txt,outside retained dependency set,5695705fa206e463b7481a9354fb2ec7d512e76faaac2201eca571852be6bd47
Vegas/Pending/ReactiveBindingCopiedResume.lean,archive/se-generalization/lean/Vegas/Pending/ReactiveBindingCopiedResume.lean.txt,outside retained dependency set,b22ba55530f49fe3810736d58ea6608186786770b2eb1bc4be9179f1dc090c47
Vegas/Pending/ReactiveBindingCopiedSubmission.lean,archive/se-generalization/lean/Vegas/Pending/ReactiveBindingCopiedSubmission.lean.txt,outside retained dependency set,8d1fe0520715ce71e264d4eee3f3f27fc39e415afb0353fc0892f1c3afc9f1ac
Vegas/Pending/ReactiveBindingCopiedWindow.lean,archive/se-generalization/lean/Vegas/Pending/ReactiveBindingCopiedWindow.lean.txt,outside retained dependency set,37f523a7e06cc3ab8be7e949a4a71ce2fe53de91551b18aec72d02da710fbee2
Vegas/Pending/ReactiveBindingForeignCommitment.lean,archive/se-generalization/lean/Vegas/Pending/ReactiveBindingForeignCommitment.lean.txt,outside retained dependency set,6738a19a1475c1632bb3722ea36a1a0d995d7a94e395d5417b593218ac39dc15
Vegas/Pending/ReactiveBindingFrameAudit.lean,archive/se-generalization/lean/Vegas/Pending/ReactiveBindingFrameAudit.lean.txt,outside retained dependency set,8f2e4e7311498b2677b33d5b67140e2b8d2e7c1d8c70debc81ac778f4f434830
Vegas/Pending/ReactiveBindingFrameCommands.lean,archive/se-generalization/lean/Vegas/Pending/ReactiveBindingFrameCommands.lean.txt,outside retained dependency set,a641e3d71dde7871aa210d5362491714768ef7788e7e6a83a8a0ed7213d8b2b3
Vegas/Pending/ReactiveBindingFrameExpiry.lean,archive/se-generalization/lean/Vegas/Pending/ReactiveBindingFrameExpiry.lean.txt,outside retained dependency set,349562d3a405842b831f618b2ed48ad880b2b229098709d83f08798deab41f01
Vegas/Pending/ReactiveBindingInertClosure.lean,archive/se-generalization/lean/Vegas/Pending/ReactiveBindingInertClosure.lean.txt,outside retained dependency set,baba338fdb6a89368e17ad919548f76db43c9ae947ac444dbbee1bc7ff5c8b28
Vegas/Pending/ReactiveBindingInertWindow.lean,archive/se-generalization/lean/Vegas/Pending/ReactiveBindingInertWindow.lean.txt,outside retained dependency set,be2c02444886e8f561bdbbfc87e5e7a9c6c3145b0139c10fb21b213d3c374fbc
Vegas/Pending/ReactiveBindingLegalContinuation.lean,archive/se-generalization/lean/Vegas/Pending/ReactiveBindingLegalContinuation.lean.txt,outside retained dependency set,3187474a9fceaeefe0a0710ddea7e3030ae0d64b1b7b8788b448900ba8270aeb
Vegas/Pending/ReactiveBindingOpeningStep.lean,archive/se-generalization/lean/Vegas/Pending/ReactiveBindingOpeningStep.lean.txt,outside retained dependency set,0f7362da48b49002ef4d75111664d350aa06820fb8d109cb4a37de3ab18b4fff
Vegas/Pending/ReactiveBindingOrigin.lean,archive/se-generalization/lean/Vegas/Pending/ReactiveBindingOrigin.lean.txt,outside retained dependency set,4a2574d7d7edf5bedafb773de4cef23c8c0e317aa56f8f7aefe37e5dbf8d2647
Vegas/Pending/ReactiveBindingPacketStep.lean,archive/se-generalization/lean/Vegas/Pending/ReactiveBindingPacketStep.lean.txt,outside retained dependency set,a90943fd18a50b6fa649ba902c32241ffcfa27a23b25410d4f0b0ed78748b803
Vegas/Pending/ReactiveBindingPendingCommands.lean,archive/se-generalization/lean/Vegas/Pending/ReactiveBindingPendingCommands.lean.txt,outside retained dependency set,6e7be61b142df6e9c413421f6d69fb81634f6105824496b9dbb50d11fdafe68e
Vegas/Pending/ReactiveBindingPendingExpiry.lean,archive/se-generalization/lean/Vegas/Pending/ReactiveBindingPendingExpiry.lean.txt,outside retained dependency set,9f8b50e418419cdd62958e2531a771872fd926bafbe7bb61c5db9fd4b44a1f8a
Vegas/Pending/ReactiveBindingPendingInclusion.lean,archive/se-generalization/lean/Vegas/Pending/ReactiveBindingPendingInclusion.lean.txt,outside retained dependency set,79d6b34828d4406d424b5c22287be9410e69ca5bcede23bc8d0821f645efa9f7
Vegas/Pending/ReactiveBindingPosterior.lean,archive/se-generalization/lean/Vegas/Pending/ReactiveBindingPosterior.lean.txt,outside retained dependency set,39a46dea8a35e67aa6f3b4e503305d31b719cab3c0fa504338a1a7a67935984e
Vegas/Pending/ReactiveBindingPublicRounds.lean,archive/se-generalization/lean/Vegas/Pending/ReactiveBindingPublicRounds.lean.txt,outside retained dependency set,9d1100964c0db75a73fd5682b076ed176eee3d6e5f77c462d360c7521eb2be53
Vegas/Pending/ReactiveBindingPublicTraffic.lean,archive/se-generalization/lean/Vegas/Pending/ReactiveBindingPublicTraffic.lean.txt,outside retained dependency set,177142c16a45565a196bdb49ff3655d127344f73f76990878cbf127951b7ff7c
Vegas/Pending/ReactiveBindingReceipts.lean,archive/se-generalization/lean/Vegas/Pending/ReactiveBindingReceipts.lean.txt,outside retained dependency set,c388ac1a915023fa8f90b3e1617c5af476d0a7f84b2519504f9583c6c342d837
Vegas/Pending/ReactiveBindingRiskAdmission.lean,archive/se-generalization/lean/Vegas/Pending/ReactiveBindingRiskAdmission.lean.txt,outside retained dependency set,5480c19b8044d4adfc3ba847d51c2c1848d657687d840d02bd563b14f38b4a46
Vegas/Pending/ReactiveBindingRiskRecall.lean,archive/se-generalization/lean/Vegas/Pending/ReactiveBindingRiskRecall.lean.txt,outside retained dependency set,4154b578e1d74abfeeb4cdbadef7556a5d0e8811b28a2013b4edcbe5b674df72
Vegas/Pending/ReactiveBindingRiskResolve.lean,archive/se-generalization/lean/Vegas/Pending/ReactiveBindingRiskResolve.lean.txt,outside retained dependency set,c2a93039047d478c2aa965a6579cfc75b300121cb2d95f64b70b668bf08acd15
Vegas/Pending/ReactiveBindingService.lean,archive/se-generalization/lean/Vegas/Pending/ReactiveBindingService.lean.txt,outside retained dependency set,8849e94dfe25d8ca8cd112214e99b24a359dee74f5eb00b0f0ecf069c2254732
Vegas/Pending/ReactiveBindingStopped.lean,archive/se-generalization/lean/Vegas/Pending/ReactiveBindingStopped.lean.txt,outside retained dependency set,0d0971984c059d29fae7f7ef7e96d5115637d4eeaefc5bcbf11bb5faf62fed8a
Vegas/Pending/ReactiveBindingUsableStep.lean,archive/se-generalization/lean/Vegas/Pending/ReactiveBindingUsableStep.lean.txt,outside retained dependency set,f2bc3723238fe0aadad13bec93c1b0d2f8423a791f6904ec4a9138ad8fc2ba9c
Vegas/Pending/ReactiveBindingUsedCommitment.lean,archive/se-generalization/lean/Vegas/Pending/ReactiveBindingUsedCommitment.lean.txt,outside retained dependency set,f22ac6660f1c3c8340d3d3624c5553d66808fd18c71981fae7df0dcef3025402
Vegas/Pending/ReactiveBindingWaiting.lean,archive/se-generalization/lean/Vegas/Pending/ReactiveBindingWaiting.lean.txt,outside retained dependency set,0bb2d69527e8f824fa285cb8ee8277c46bcbb2fa212710ef653bd23995d726fd
Vegas/Pending/ReactiveCanonicalMenu.lean,archive/se-generalization/lean/Vegas/Pending/ReactiveCanonicalMenu.lean.txt,outside retained dependency set,e2262243e7ee1816d0e30a12aa412ebbf66d072dbbc11bbd12e1a3ffc741b26d
Vegas/Pending/ReactiveCleanPrefix.lean,archive/se-generalization/lean/Vegas/Pending/ReactiveCleanPrefix.lean.txt,outside retained dependency set,d6f6eac26d8eb26c33bc36074cb43fd27cba3d46b37037cafdec03e3d789bd1d
Vegas/Pending/ReactiveCleanPrefixProbability.lean,archive/se-generalization/lean/Vegas/Pending/ReactiveCleanPrefixProbability.lean.txt,outside retained dependency set,6cb3657dce2b1e6f02f5f1bc9b323755c46d0f57280533459891f5673e5c5674
Vegas/Pending/ReactiveCommitmentProtection.lean,archive/se-generalization/lean/Vegas/Pending/ReactiveCommitmentProtection.lean.txt,outside retained dependency set,468bbdc2ef22c688330d82b330353a7fa849d865861d8db4da5de845cc0b54d4
Vegas/Pending/ReactiveCompletedConfig.lean,archive/se-generalization/lean/Vegas/Pending/ReactiveCompletedConfig.lean.txt,outside retained dependency set,39d83b34ebd5c535bb86f2274541ceb6e9fb63a7e6633139b3d40ae4161bdbdc
Vegas/Pending/ReactiveCompletedDecision.lean,archive/se-generalization/lean/Vegas/Pending/ReactiveCompletedDecision.lean.txt,outside retained dependency set,5080e83e590a59ddb99d7b56ac3661a6b744988f9cf1c9a6e90aec6bd797b240
Vegas/Pending/ReactiveConformance.lean,archive/se-generalization/lean/Vegas/Pending/ReactiveConformance.lean.txt,outside retained dependency set,a160050c9fb130077802c375c136ae324f1a5018a496adb6982dcac866d68aa5
Vegas/Pending/ReactiveDecisionDeadline.lean,archive/se-generalization/lean/Vegas/Pending/ReactiveDecisionDeadline.lean.txt,outside retained dependency set,7e530c3828a3a76f0271682723be109b5a871d345fa2190c25ea438b8c9a9a9c
Vegas/Pending/ReactiveDecisionFinalMiss.lean,archive/se-generalization/lean/Vegas/Pending/ReactiveDecisionFinalMiss.lean.txt,outside retained dependency set,4e711f71f738b7ce48f9a41d7dded060b380cbd4522b965381a31953f105780f
Vegas/Pending/ReactiveDecisionMiss.lean,archive/se-generalization/lean/Vegas/Pending/ReactiveDecisionMiss.lean.txt,outside retained dependency set,2e63dc00105a3e87984943ff7db496f724c269ad6200e6a9e05ff04b001929b2
Vegas/Pending/ReactiveDecisionOrigin.lean,archive/se-generalization/lean/Vegas/Pending/ReactiveDecisionOrigin.lean.txt,outside retained dependency set,1162178e5057f3c17427649c14673df52192c70af7cc518f7107784deac300ac
Vegas/Pending/ReactiveDecisionWindow.lean,archive/se-generalization/lean/Vegas/Pending/ReactiveDecisionWindow.lean.txt,outside retained dependency set,936a10546bd4a4f667f1be82ef89e34d9ef8e4a5dbb752b9aac320df3221794d
Vegas/Pending/ReactiveDecisionWindowExpiry.lean,archive/se-generalization/lean/Vegas/Pending/ReactiveDecisionWindowExpiry.lean.txt,outside retained dependency set,9e934b835461125622cf806dec055086ce08fac6e764f91cb00b40c2a2fe0f29
Vegas/Pending/ReactiveDecisionWindowLikelihood.lean,archive/se-generalization/lean/Vegas/Pending/ReactiveDecisionWindowLikelihood.lean.txt,outside retained dependency set,13713fbc40a00b107288227bae0895c5ba23e5ccebb2de42efe657f3e248e042
Vegas/Pending/ReactiveDecisionWindowSettlement.lean,archive/se-generalization/lean/Vegas/Pending/ReactiveDecisionWindowSettlement.lean.txt,outside retained dependency set,dc74f91c0fcfabc5c2c80adab4bf17bc770a9491aa2a9fdbc3fdc8761ef601a7
Vegas/Pending/ReactiveDependencyService.lean,archive/se-generalization/lean/Vegas/Pending/ReactiveDependencyService.lean.txt,outside retained dependency set,71066da700475812e539592d58079f9e63df3b316ad54066c11a935a71b9f1b3
Vegas/Pending/ReactiveDisclosureAdmission.lean,archive/se-generalization/lean/Vegas/Pending/ReactiveDisclosureAdmission.lean.txt,outside retained dependency set,b5ba888a5f34e27345270442ea01a356c54afb0068db1292e4d9fce9bebc0afa
Vegas/Pending/ReactiveDisclosureService.lean,archive/se-generalization/lean/Vegas/Pending/ReactiveDisclosureService.lean.txt,outside retained dependency set,e96bbe138553ca4af6909aacf5f491e419f195238df524ce7980aedc90165ba4
Vegas/Pending/ReactiveEvidenceOrigin.lean,archive/se-generalization/lean/Vegas/Pending/ReactiveEvidenceOrigin.lean.txt,outside retained dependency set,fbecfee35c68d78e5addb9459f0fe59a8de7002dc142651816f8c74fb200461b
Vegas/Pending/ReactiveFiniteConsistency.lean,archive/se-generalization/lean/Vegas/Pending/ReactiveFiniteConsistency.lean.txt,outside retained dependency set,034594b51c1e413fe2fdd04c57fa1bbbb5ed14d4ca72288c3d3808e94253dcd2
Vegas/Pending/ReactiveFreshCandidates.lean,archive/se-generalization/lean/Vegas/Pending/ReactiveFreshCandidates.lean.txt,outside retained dependency set,4066201250759e156fb7f317859f3ffbaa79df37f66e321fb0163f245f9f6ca7
Vegas/Pending/ReactiveHiddenEnvironment.lean,archive/se-generalization/lean/Vegas/Pending/ReactiveHiddenEnvironment.lean.txt,outside retained dependency set,dfc50b919fe55a52c8427fa3482748ccab793a3d1ed95127540b1f8ca676cdd5
Vegas/Pending/ReactiveMissingBindingTransport.lean,archive/se-generalization/lean/Vegas/Pending/ReactiveMissingBindingTransport.lean.txt,outside retained dependency set,e8d1998ea95dca998d07548cc8ef9fc8be5a4e90ab5af616ae65ecb285baa8e7
Vegas/Pending/ReactiveMissingOpeningEvidence.lean,archive/se-generalization/lean/Vegas/Pending/ReactiveMissingOpeningEvidence.lean.txt,outside retained dependency set,70c72cfe698981248f4286d064ebaab02d29d7569caf1043eba7554c112c5f66
Vegas/Pending/ReactiveOpeningContinuation.lean,archive/se-generalization/lean/Vegas/Pending/ReactiveOpeningContinuation.lean.txt,outside retained dependency set,38cbe4ffe1ecf575e310ef2e4519ddd92f8971180941688b1f117fc702d7048e
Vegas/Pending/ReactiveOpeningContinuationExpiry.lean,archive/se-generalization/lean/Vegas/Pending/ReactiveOpeningContinuationExpiry.lean.txt,outside retained dependency set,e4f2595043e3e500b26582b09e368fabe7a4e88be70ebf8e2b2fc6efe8664b54
Vegas/Pending/ReactiveOpeningCoupling.lean,archive/se-generalization/lean/Vegas/Pending/ReactiveOpeningCoupling.lean.txt,outside retained dependency set,f94bab4b9b23ad5e9887047da90cb1b46ba5a87b8f6d81668effbfa42d07742d
Vegas/Pending/ReactiveOpeningExpiryCoupling.lean,archive/se-generalization/lean/Vegas/Pending/ReactiveOpeningExpiryCoupling.lean.txt,outside retained dependency set,c69a5a21ba6ee78fc644096f6d389c61af98fb50645961e43d56032e8b7e5416
Vegas/Pending/ReactiveOpeningPosterior.lean,archive/se-generalization/lean/Vegas/Pending/ReactiveOpeningPosterior.lean.txt,outside retained dependency set,c246653180f6bc3b2c481d4c750f29bd38955996872d45c42c28315feb9e4669
Vegas/Pending/ReactivePacketService.lean,archive/se-generalization/lean/Vegas/Pending/ReactivePacketService.lean.txt,outside retained dependency set,14116b493670f3d4fe267558e47ec3b0c5378a9eec1fff2b110e669cd575cb0b
Vegas/Pending/ReactivePublishedSelection.lean,archive/se-generalization/lean/Vegas/Pending/ReactivePublishedSelection.lean.txt,outside retained dependency set,ba0080bdb077b13c740dfc10fa989a12d96a75ba7f360b897169edf9677186df
Vegas/Pending/ReactiveRecalledEmission.lean,archive/se-generalization/lean/Vegas/Pending/ReactiveRecalledEmission.lean.txt,outside retained dependency set,8937ead828d056d44dd3410a51220cdc42c555fe6be5866b8fbd7ae46116c409
Vegas/Pending/ReactiveRegularity.lean,archive/se-generalization/lean/Vegas/Pending/ReactiveRegularity.lean.txt,outside retained dependency set,d646b3211c589b0a31c7960b00ee3505c56988447fd377bbd836692c42e8518d
Vegas/Pending/ReactiveResolutionFinalBlock.lean,archive/se-generalization/lean/Vegas/Pending/ReactiveResolutionFinalBlock.lean.txt,outside retained dependency set,f8e09c2387f0d422979dfbcd73ddb12292b7cbf803f9e676efc453bac8b5e4b3
Vegas/Pending/ReactiveResolutionMiss.lean,archive/se-generalization/lean/Vegas/Pending/ReactiveResolutionMiss.lean.txt,outside retained dependency set,10a0dd5a47e6f963a69fd84cb9e6dd0bf3d79f86f9b2e19c1ee4a0716f618f0d
Vegas/Pending/ReactiveRiskMenu.lean,archive/se-generalization/lean/Vegas/Pending/ReactiveRiskMenu.lean.txt,outside retained dependency set,31375d3fe58fc757123c0a0d72c23bb86fde88da4503efc7779877b5121f4617
Vegas/Pending/ReactiveRiskPersistence.lean,archive/se-generalization/lean/Vegas/Pending/ReactiveRiskPersistence.lean.txt,outside retained dependency set,169db2dd5970a7338624d2ff96c2b37a1c0a0e39e16d5ca76b7e5973211f60e8
Vegas/Pending/ReactiveSamplePhase.lean,archive/se-generalization/lean/Vegas/Pending/ReactiveSamplePhase.lean.txt,outside retained dependency set,8c8b64709facc41fef0ccd2711a517220e6abeaa0b90b87db5466aef633845ef
Vegas/Pending/ReactiveSelection.lean,archive/se-generalization/lean/Vegas/Pending/ReactiveSelection.lean.txt,outside retained dependency set,a9fd781bae9356b836a311c65a778406b92a7c34ef6582cfddb2b45d9f49d9f1
Vegas/Pending/ReactiveServiceAuditContinuation.lean,archive/se-generalization/lean/Vegas/Pending/ReactiveServiceAuditContinuation.lean.txt,outside retained dependency set,a74b00ee56ae2317ffcafa9ec0ce250b2d771d645fc2635b7479e9e0a39921bf
Vegas/Pending/ReactiveServiceFootprint.lean,archive/se-generalization/lean/Vegas/Pending/ReactiveServiceFootprint.lean.txt,outside retained dependency set,23e342b0391f186b44708de509d00ee95c48b6bde8582372eef2384035c69941
Vegas/Pending/ReactiveServiceMarkers.lean,archive/se-generalization/lean/Vegas/Pending/ReactiveServiceMarkers.lean.txt,outside retained dependency set,320b8436060a211d2f79c4cbb4793f5452445afe9e22b644da678d57fb255e1f
Vegas/Pending/ReactiveSettledCollection.lean,archive/se-generalization/lean/Vegas/Pending/ReactiveSettledCollection.lean.txt,outside retained dependency set,acf66d8a806f0a976bd5bdcda9abe3eb89e8ef6c7f63fac853d36bfc73c5529a
Vegas/Pending/ReactiveSignedEvidence.lean,archive/se-generalization/lean/Vegas/Pending/ReactiveSignedEvidence.lean.txt,outside retained dependency set,87a1d9c68c1951b7fc34dcec0a5ff2f7f0eb23f643d94e9bb4220adaba3c53bd
Vegas/Pending/ReactiveSilentApplication.lean,archive/se-generalization/lean/Vegas/Pending/ReactiveSilentApplication.lean.txt,outside retained dependency set,49cd01f235ad26efd84b6ae4f1466f55bb238d84206c26f8e84ef7ea1446219a
Vegas/Pending/ReactiveSilentSettlement.lean,archive/se-generalization/lean/Vegas/Pending/ReactiveSilentSettlement.lean.txt,outside retained dependency set,94d697d7cea09082b1d47ba5c96079fc3fcbd9a1f7acfdfffb092d87cc1f0125
Vegas/Pending/ReactiveUsedBindingOpening.lean,archive/se-generalization/lean/Vegas/Pending/ReactiveUsedBindingOpening.lean.txt,outside retained dependency set,aab77c6f3c97814edc529cf3cdb75c173278e554945b8f7caca80b6a06f1f077
Vegas/Pending/ReactiveWithholdingReceipts.lean,archive/se-generalization/lean/Vegas/Pending/ReactiveWithholdingReceipts.lean.txt,outside retained dependency set,e4dd347731689ed86fc6adcdbbea9c3ab30bf55fc7c90ad96365e5dc256e5d09
Vegas/Pending/ResponseBudget.lean,archive/se-generalization/lean/Vegas/Pending/ResponseBudget.lean.txt,outside retained dependency set,7afa90805c0a369688ad814ade9d6965ea63cde770dedca497403054edff88a4
Vegas/Pending/ResponsePolicyCorrespondence.lean,archive/se-generalization/lean/Vegas/Pending/ResponsePolicyCorrespondence.lean.txt,outside retained dependency set,445f9c9464c2445e95515e88609fbe5ac3842743ba3b8a6687767976f4489eea
Vegas/Pending/ResponseProtocol.lean,archive/se-generalization/lean/Vegas/Pending/ResponseProtocol.lean.txt,outside retained dependency set,b8af906744c958e29a748f4e1e3e063411377ef9be6e44e212535a295c7fc737
Vegas/Pending/ResponseProtocolRefinement.lean,archive/se-generalization/lean/Vegas/Pending/ResponseProtocolRefinement.lean.txt,outside retained dependency set,a6641ce69a9e1a0d112f469840ded7dc5731d7b3ae876ef42edf91e67bb31b8b
Vegas/Pending/ResponseRecall.lean,archive/se-generalization/lean/Vegas/Pending/ResponseRecall.lean.txt,outside retained dependency set,29b55ad25325ccc034c12e7ce8e7c4b755dbdd4855bff5b88684f4d4c67822e9
Vegas/Pending/SourceSession.lean,archive/se-generalization/lean/Vegas/Pending/SourceSession.lean.txt,outside retained dependency set,f7a41e98c60199111d9072121ade7a0d997b6ad441fcfc38d421f1ff2f3cfe05
Vegas/Pending/SourceSessionAudit.lean,archive/se-generalization/lean/Vegas/Pending/SourceSessionAudit.lean.txt,outside retained dependency set,9fb9c2521e175ee6c6821aaf63a936cc7343c4d168bd1995bafb2ba237d6931f
Vegas/Pending/SourceSessionPolicy.lean,archive/se-generalization/lean/Vegas/Pending/SourceSessionPolicy.lean.txt,outside retained dependency set,db367ca190f28af4d9b46e16a98fcc14e3a7b00ded17640039290bee9a13fc8e
Vegas/Pending/SourceSessionWatcher.lean,archive/se-generalization/lean/Vegas/Pending/SourceSessionWatcher.lean.txt,outside retained dependency set,c3ec93bfab5a3a8056cb70c95e190e11ffcba83256a7f3a53813fcab09660d2a
Vegas/Source/PublicMiss.lean,archive/se-generalization/lean/Vegas/Source/PublicMiss.lean.txt,outside retained dependency set,9649617f8ac2575a492f0b2e950ae784570c2f59a91116f8f73ed93eb6ccf905
VegasTests/SourceSession.lean,archive/se-generalization/lean/VegasTests/SourceSession.lean.txt,outside retained dependency set,e6c7cf32306d0f491a770e8cf9d4ceb97093b16ac90441d3f2ced7f56a83a451
GameTheoryExtensions.lean,archive/se-generalization/lean/GameTheoryExtensions.lean.txt,replaced by baseline implementation,739e18d1a1b48b882b63fcd3c501c252bcab1f1b5512d4053d890b7cd00cf161
GameTheoryExtensions/Analysis/Protocol/PassageRestrictionExtension.lean,archive/se-generalization/lean/GameTheoryExtensions/Analysis/Protocol/PassageRestrictionExtension.lean.txt,replaced by baseline implementation,3688142329a51b2f903c56e7eadfe52af435f0ea599735c3369fe75b06d0ae71
GameTheoryExtensions/Analysis/Protocol/UniformPolicyLimit.lean,archive/se-generalization/lean/GameTheoryExtensions/Analysis/Protocol/UniformPolicyLimit.lean.txt,replaced by baseline implementation,447865e8db6bc7b51f1b40ed7c72d6754a9aeff429a16e43f63e46ffce9e4ff2
Interaction.lean,archive/se-generalization/lean/Interaction.lean.txt,replaced by baseline implementation,e551f48c8f1909b7b83df14fe922f61ced745cf796223c5d21d067488209bf0e
Interaction/DeferredObservation.lean,archive/se-generalization/lean/Interaction/DeferredObservation.lean.txt,replaced by baseline implementation,c59c4b5c83e2754e358fc71c218db5a75ab015f5f4189879c9b26967bd25bfe5
Interaction/MessageApplication.lean,archive/se-generalization/lean/Interaction/MessageApplication.lean.txt,replaced by baseline implementation,ab7e1962a53d01b6e32e586581176968dd62fc9eefcccfa687dd20ff3f3bad7a
Interaction/MessageApplicationAuthorship.lean,archive/se-generalization/lean/Interaction/MessageApplicationAuthorship.lean.txt,replaced by baseline implementation,a5c93ce06cbd038a52fd8639dd17e560c82ab2f57e6fe0b594e949030db23873
Interaction/MessageApplicationLaws.lean,archive/se-generalization/lean/Interaction/MessageApplicationLaws.lean.txt,replaced by baseline implementation,9b95c2d5f0d7f7d15ac8f86ee1162668815d1de4476bdc021ed91ec6230949d8
Interaction/MessageApplicationLocality.lean,archive/se-generalization/lean/Interaction/MessageApplicationLocality.lean.txt,replaced by baseline implementation,105c7113fa051b5b5407a631b155a39a22faa28cd6a12f78fed11d6d92c3c4e8
Interaction/MessageApplicationPending.lean,archive/se-generalization/lean/Interaction/MessageApplicationPending.lean.txt,replaced by baseline implementation,1951e2dc34ead94f16b309aacdad2e3d28982e0abb92a7f0d170fff293021157
Interaction/MessageApplicationPolicies.lean,archive/se-generalization/lean/Interaction/MessageApplicationPolicies.lean.txt,replaced by baseline implementation,6e076d51bc5591f4f81821d400f03ebf9786185681ce88108e07ae5d0223f588
Interaction/MessageApplicationPolicyInvariant.lean,archive/se-generalization/lean/Interaction/MessageApplicationPolicyInvariant.lean.txt,replaced by baseline implementation,d38a168c5a2802e780b60ab3450f7c077bb769388f96fbfb8576a88833d8453f
Interaction/MessageApplicationSubmissionOrigin.lean,archive/se-generalization/lean/Interaction/MessageApplicationSubmissionOrigin.lean.txt,replaced by baseline implementation,497a9a7fd54927fc4a7c645de33015764974c0a06605713367dff7c530d19dde
Interaction/MessageInvariant.lean,archive/se-generalization/lean/Interaction/MessageInvariant.lean.txt,replaced by baseline implementation,8a83cac53413268b9e38f950bce91afd78835893b945d134a984eff4aa53e8bf
Interaction/MessageLedgerCount.lean,archive/se-generalization/lean/Interaction/MessageLedgerCount.lean.txt,replaced by baseline implementation,4ca9b81fd490e9ad58963ca2541e797a7033d0a3f62ec1ef31eedfaba03bda29
Interaction/MessageMonitoring.lean,archive/se-generalization/lean/Interaction/MessageMonitoring.lean.txt,replaced by baseline implementation,2619d7ebb4a8df9edde0e1eee1d612da161c84b9756fc72543efe1bacffd765d
Interaction/MessageNetwork.lean,archive/se-generalization/lean/Interaction/MessageNetwork.lean.txt,replaced by baseline implementation,da31ea45bd6df61c1afaffc94266fc4361577fd099f3c5462ba62ad54cc2c7c2
Interaction/MessageNetworkCounters.lean,archive/se-generalization/lean/Interaction/MessageNetworkCounters.lean.txt,replaced by baseline implementation,6dc8a1e35d30779e2c94bcc6e5a1fd5c0cfd4419eee6bdd4305965c0ed1b6ebd
Interaction/MessageNetworkIdentity.lean,archive/se-generalization/lean/Interaction/MessageNetworkIdentity.lean.txt,replaced by baseline implementation,5f5b2752f4803cecba40613939d960128ccb995a4568f4126a69ca95875ccfcc
Interaction/MessageNetworkInvariant.lean,archive/se-generalization/lean/Interaction/MessageNetworkInvariant.lean.txt,replaced by baseline implementation,0e440708e3bb2ada658c59286bc9a1c40e6f8f57e1924538b0023bb10b368784
Interaction/MessagePool.lean,archive/se-generalization/lean/Interaction/MessagePool.lean.txt,replaced by baseline implementation,1c105a0012b17923e1493488dd6600b6b32ca3883ccb55cad601ee78b25e2c25
Interaction/MessagePoolCounters.lean,archive/se-generalization/lean/Interaction/MessagePoolCounters.lean.txt,replaced by baseline implementation,e8d7ad82e3208dc3bbc5d2b1681006721d72e155c9adfa2eadf2edaec9c95357
Interaction/MessagePublication.lean,archive/se-generalization/lean/Interaction/MessagePublication.lean.txt,replaced by baseline implementation,97be73f02a3ab146f9aa65b5e7360d1662073603cec0252e48393192c52a00ef
Interaction/MessageRetention.lean,archive/se-generalization/lean/Interaction/MessageRetention.lean.txt,replaced by baseline implementation,baf63658a1cd4f13f9481e3252e895aa86524787dc3d5531477236383b23e692
Interaction/PendingPriority.lean,archive/se-generalization/lean/Interaction/PendingPriority.lean.txt,replaced by baseline implementation,1be370c861dd72bd88c4f5e26d49a7ee2df3ad812b05603593f18d71519d087f
Interaction/PendingSelection.lean,archive/se-generalization/lean/Interaction/PendingSelection.lean.txt,replaced by baseline implementation,4ad2221fc7daae75bea08fbfd730eae9645b4afdbfbc19973bc38fbfd4e29854
Interaction/ReactiveAliasImplementation.lean,archive/se-generalization/lean/Interaction/ReactiveAliasImplementation.lean.txt,replaced by baseline implementation,910aa3ca7fee3576f7e41068a762ae81d4844ea97a714d5d96bf6696312dc2d3
Interaction/ReactiveAllocation.lean,archive/se-generalization/lean/Interaction/ReactiveAllocation.lean.txt,replaced by baseline implementation,bc834281b2f520d0c69ce0080b147df72c3ef3682b5cd3c139628ae847da2de9
Interaction/ReactiveApplication.lean,archive/se-generalization/lean/Interaction/ReactiveApplication.lean.txt,replaced by baseline implementation,6a7a7c3ad4617498e5e6c5305a8e98dc45dc897c8efcfe339ff894bde75f69df
Interaction/ReactiveAuditCollection.lean,archive/se-generalization/lean/Interaction/ReactiveAuditCollection.lean.txt,replaced by baseline implementation,1ed62a45e12713caa0a2d1556e0a630f5ce9dae49a83d72b937a1e10c0417b97
Interaction/ReactiveAuthorization.lean,archive/se-generalization/lean/Interaction/ReactiveAuthorization.lean.txt,replaced by baseline implementation,e8c09fbc81bcd9710a6bf0c43cfb12704e545240758686b5eecdaf403895c186
Interaction/ReactiveEvidencePersistence.lean,archive/se-generalization/lean/Interaction/ReactiveEvidencePersistence.lean.txt,replaced by baseline implementation,f2483b73005df6103a0df73748bcb6437af1ce597e287f7ec74fae6f3dd2fed6
Interaction/ReactiveHistory.lean,archive/se-generalization/lean/Interaction/ReactiveHistory.lean.txt,replaced by baseline implementation,d90b5658b87df890cbd4b2beaa16de31d85378dfa6badacbb35eded65b968050
Interaction/ReactiveImplementation.lean,archive/se-generalization/lean/Interaction/ReactiveImplementation.lean.txt,replaced by baseline implementation,f42ee7250bda5d560bdbffd2f7851c0ce2358ae7e1f7efe0a89beaf6cc0155dd
Interaction/ReactiveInvariant.lean,archive/se-generalization/lean/Interaction/ReactiveInvariant.lean.txt,replaced by baseline implementation,9358e1bb58dda3d67a80a31b3b4f46223254d2931d3369a6a60dda6d16855911
Interaction/ReactiveLedgerConformance.lean,archive/se-generalization/lean/Interaction/ReactiveLedgerConformance.lean.txt,replaced by baseline implementation,725e6cd13066a390a735d521702ca286e3232165bf798ede5ea4643c8da86d65
Interaction/ReactiveMenuContinuation.lean,archive/se-generalization/lean/Interaction/ReactiveMenuContinuation.lean.txt,replaced by baseline implementation,ce8d3e728e226253888fd1d8582c4d4a35768ccf02619ac750a8dd3142972b67
Interaction/ReactiveMenuPolicy.lean,archive/se-generalization/lean/Interaction/ReactiveMenuPolicy.lean.txt,replaced by baseline implementation,359247d91df20dfd78804a3618920fff4dbe65dd1098dda98a30df5861fe0e1e
Interaction/ReactiveMessageIdentity.lean,archive/se-generalization/lean/Interaction/ReactiveMessageIdentity.lean.txt,replaced by baseline implementation,937d871e8f2a1af302515fc7184b4f83652fcb203a281b34b6bfeb49c47c4e51
Interaction/ReactiveMonitoring.lean,archive/se-generalization/lean/Interaction/ReactiveMonitoring.lean.txt,replaced by baseline implementation,b6e601e7a86d653b21ef0ea949a7bb946a9efd7f99244a97d32e59a33798be7f
Interaction/ReactiveNormalRecall.lean,archive/se-generalization/lean/Interaction/ReactiveNormalRecall.lean.txt,replaced by baseline implementation,3eb1b83a58f1fd139aa8886a5e791506c08be7a8feb1bce25e13a8f491665889
Interaction/ReactiveOwnPlay.lean,archive/se-generalization/lean/Interaction/ReactiveOwnPlay.lean.txt,replaced by baseline implementation,04ba3e02dcdf055fa681daec39f87e04757264ab481dba3e056af0fd875a6c97
Interaction/ReactiveOwnerSelection.lean,archive/se-generalization/lean/Interaction/ReactiveOwnerSelection.lean.txt,replaced by baseline implementation,154f6f93f8f52be20214ff189799780304be154918cbab16f31836f785e2a808
Interaction/ReactivePacketEvidence.lean,archive/se-generalization/lean/Interaction/ReactivePacketEvidence.lean.txt,replaced by baseline implementation,164d22a524a0f766f2cd562cca08e71fbd830f21bfbcca4b3628b9217530e6af
Interaction/ReactiveProvenance.lean,archive/se-generalization/lean/Interaction/ReactiveProvenance.lean.txt,replaced by baseline implementation,a7f85fe8c0de4f8a43364b26c2c13fc403b9d6b43e9adf5f1fc45f708f3d89ac
Interaction/ReactivePublication.lean,archive/se-generalization/lean/Interaction/ReactivePublication.lean.txt,replaced by baseline implementation,90faa228996dbb5e2586e41e45bcae1012e6334d7ef04b90698335ca01c202da
Interaction/ReactivePublishedResponses.lean,archive/se-generalization/lean/Interaction/ReactivePublishedResponses.lean.txt,replaced by baseline implementation,54d4b1edd4ed308f4d991452a30b58db8e96eb277c98a228eb56111e8dc4f734
Interaction/ReactiveQuiescent.lean,archive/se-generalization/lean/Interaction/ReactiveQuiescent.lean.txt,replaced by baseline implementation,3b9d52cd17398b1848ff33a887c13f9fe09de7bcba06a7bc6d1bdc7a621b277d
Interaction/ReactiveRawRoundTrace.lean,archive/se-generalization/lean/Interaction/ReactiveRawRoundTrace.lean.txt,replaced by baseline implementation,15e0e64b9b2f212744829e30247247930c3da31763d316627f70e7234e70454f
Interaction/ReactiveRecall.lean,archive/se-generalization/lean/Interaction/ReactiveRecall.lean.txt,replaced by baseline implementation,a26d06e5423e9d4ff86408e3a3d736abfe24e7273abda81f4f223c0c577df7b1
Interaction/ReactiveRecallEntries.lean,archive/se-generalization/lean/Interaction/ReactiveRecallEntries.lean.txt,replaced by baseline implementation,29e744a9b3a41390aaec57f91f10836b2d8ec581902e775157e3289c61e18c20
Interaction/ReactiveRecallInvariant.lean,archive/se-generalization/lean/Interaction/ReactiveRecallInvariant.lean.txt,replaced by baseline implementation,c243ac61bb2aa690c862d8db5b7f78927696799e3e25c85d4ebb52b7930005ba
Interaction/ReactiveReceipts.lean,archive/se-generalization/lean/Interaction/ReactiveReceipts.lean.txt,replaced by baseline implementation,d5b677130a0a032ad3ec738041211acc475b3e540d0ed1ee43ea919255e8e181
Interaction/ReactiveRecovery.lean,archive/se-generalization/lean/Interaction/ReactiveRecovery.lean.txt,replaced by baseline implementation,c4072f0df4ea32627b77e2dba7fa5691e106713ebfdcc68d5ca0828daaddade2
Interaction/ReactiveResponseNormalization.lean,archive/se-generalization/lean/Interaction/ReactiveResponseNormalization.lean.txt,replaced by baseline implementation,bfd829f0da81497ca22cd4b0414c671afc047311315c2f9f4a45b022d69dc6f3
Interaction/ReactiveRounds.lean,archive/se-generalization/lean/Interaction/ReactiveRounds.lean.txt,replaced by baseline implementation,96947c986f074ec981d840971256e5b1a62898eb5e1c3dd0387db7b102508378
Interaction/ReactiveRoundsFiniteness.lean,archive/se-generalization/lean/Interaction/ReactiveRoundsFiniteness.lean.txt,replaced by baseline implementation,1813e75b6979a89bbd6da839412ae88144129af36788031bb266b457e4b2447f
Interaction/ReactiveStopping.lean,archive/se-generalization/lean/Interaction/ReactiveStopping.lean.txt,replaced by baseline implementation,10894bb142e9c1ef5a935fe7942d71762043aed1385432975fd0b7bd81f2c6ab
Interaction/ReactiveSubmissionAudit.lean,archive/se-generalization/lean/Interaction/ReactiveSubmissionAudit.lean.txt,replaced by baseline implementation,4853e5e56c03e39a2511839d07c271bda49426f50f2c647776b1f1d3f8d8146c
Interaction/ReactiveSubmissionSerial.lean,archive/se-generalization/lean/Interaction/ReactiveSubmissionSerial.lean.txt,replaced by baseline implementation,61132ac126624e4de982615880f8b3bf9c8c881c807909f3443f80900abf5b58
Interaction/ReactiveTrafficAudit.lean,archive/se-generalization/lean/Interaction/ReactiveTrafficAudit.lean.txt,replaced by baseline implementation,8a43bd9f29d7b42803981f9b7e48017b69ad5806be08c1dde1475daee9a34138
Interaction/ReactiveTrafficState.lean,archive/se-generalization/lean/Interaction/ReactiveTrafficState.lean.txt,replaced by baseline implementation,9511779e6c4007ffbcc226a028542aeb68feb13cc64c7b4c0b3ccff7bab675f7
Interaction/ScheduledOpeningPosterior.lean,archive/se-generalization/lean/Interaction/ScheduledOpeningPosterior.lean.txt,replaced by baseline implementation,444e37dd84afa518c275d64d76a035f5766051cdb0d01ef11327054f477f8ed4
InteractionTests/PendingPriority.lean,archive/se-generalization/lean/InteractionTests/PendingPriority.lean.txt,replaced by baseline implementation,77aa64f913938c81dc8f1e2ad9d310308c232d4fdb6856ca22b9e389a3e538fe
InteractionTests/ReactiveImplementation.lean,archive/se-generalization/lean/InteractionTests/ReactiveImplementation.lean.txt,replaced by baseline implementation,81d3744231f2a29451b2c399eb88123408d67a093797e504d82dac6cc2b65657
InteractionTests/ReactiveMenuRestriction.lean,archive/se-generalization/lean/InteractionTests/ReactiveMenuRestriction.lean.txt,replaced by baseline implementation,3c675998a9810359821aec45a8ce65c07945868be31453fccb2adcabb849b9ef
InteractionTests/ReactiveMonitoring.lean,archive/se-generalization/lean/InteractionTests/ReactiveMonitoring.lean.txt,replaced by baseline implementation,cd05d82b9039caa856dcac25f01929f52b267c7e61db682b58a8da434af10ecb
InteractionTests/ReactiveProtocol.lean,archive/se-generalization/lean/InteractionTests/ReactiveProtocol.lean.txt,replaced by baseline implementation,effe87d15769a2e3b79dc6d1b364d74f46d562f6baf442bd49f55c9cc02d0a6c
InteractionTests/ReactivePublication.lean,archive/se-generalization/lean/InteractionTests/ReactivePublication.lean.txt,replaced by baseline implementation,d47ece40d239c9868843a1d0a1bbe1bfa15137f897c8ece339e2f6d9220b99a7
Paper.lean,archive/se-generalization/lean/Paper.lean.txt,replaced by baseline implementation,7b6ddfe8225085946ebded6ce24839d2db01ca91ff35649a0fc8c93d4aee2a34
Vegas/EventGraph.lean,archive/se-generalization/lean/Vegas/EventGraph.lean.txt,replaced by baseline implementation,c866afb957f47500388accc531597f53de887bb00ec73c78211aadb21c6250af
Vegas/EventGraph/Validation.lean,archive/se-generalization/lean/Vegas/EventGraph/Validation.lean.txt,replaced by baseline implementation,5f92448f5c354a63b3da42935c6bc191240d28c6b766360eafa95ac213f23f89
Vegas/Examples.lean,archive/se-generalization/lean/Vegas/Examples.lean.txt,replaced by baseline implementation,1831bfea6d0eebc791eeae67cf02e553b41d5b680024bf3854b12827cfadda0c
Vegas/Foundation/Probability.lean,archive/se-generalization/lean/Vegas/Foundation/Probability.lean.txt,replaced by baseline implementation,c5250010a2f22ae20bd3c50fb0e4b8ed8a0309f0d5a621c1d4328b66e943c6ba
Vegas/Game.lean,archive/se-generalization/lean/Vegas/Game.lean.txt,replaced by baseline implementation,cbf94abaefafda7445988b8be1f79491a95e91d48fc9f9213ee5db2e988de0bd
Vegas/Game/AsyncServiceSpec.lean,archive/se-generalization/lean/Vegas/Game/AsyncServiceSpec.lean.txt,replaced by baseline implementation,132f5dd845958a7bd3b2a4b4924aafcee20b7cdbb44b7b5ec9dd2f466ed98ba3
Vegas/Game/BindingRepairBlock.lean,archive/se-generalization/lean/Vegas/Game/BindingRepairBlock.lean.txt,replaced by baseline implementation,75f8c08e10f5642fc6ecbd2c3bf0ed2c0825ee28612b54236165b2f7a54434a1
Vegas/Game/BindingRepairReadout.lean,archive/se-generalization/lean/Vegas/Game/BindingRepairReadout.lean.txt,replaced by baseline implementation,20e21e5c9fe6b75201f8068e4a41716f587b04aa8d222e51d55fa0b2cdc5c54e
Vegas/Game/DisclosureAssessment.lean,archive/se-generalization/lean/Vegas/Game/DisclosureAssessment.lean.txt,replaced by baseline implementation,c1353a732245335c3be951e73163faf327e83c512d92c393d7897412dc65e57b
Vegas/Game/DisclosureBeliefs.lean,archive/se-generalization/lean/Vegas/Game/DisclosureBeliefs.lean.txt,replaced by baseline implementation,3e9fddbc152864e8117f771a0f9e3039c9ee6b99fb74a4aa308e7d10cf0c3cd9
Vegas/Game/DisclosureComparison.lean,archive/se-generalization/lean/Vegas/Game/DisclosureComparison.lean.txt,replaced by baseline implementation,16f280613ca5f161edd4ad8989750b129c84eccfea790ff91778d5c696e02c73
Vegas/Game/DisclosureContinuation.lean,archive/se-generalization/lean/Vegas/Game/DisclosureContinuation.lean.txt,replaced by baseline implementation,fefe9819d442adf60a393d7e1ef6be4f2fdc3d3aa9cffd4ca4ef20234b662041
Vegas/Game/DisclosureForeign.lean,archive/se-generalization/lean/Vegas/Game/DisclosureForeign.lean.txt,replaced by baseline implementation,726f352977095fae6cd5a941516d65d7e32e3a8ab04090312f8bf457a9e5e447
Vegas/Game/DisclosurePrefix.lean,archive/se-generalization/lean/Vegas/Game/DisclosurePrefix.lean.txt,replaced by baseline implementation,8e4c791c9eb3ae2cee24833c3cf39417a2498585084a98783b69dea1f91aa297
Vegas/Game/DisclosureProfileComparison.lean,archive/se-generalization/lean/Vegas/Game/DisclosureProfileComparison.lean.txt,replaced by baseline implementation,46b51eddedfc5417642c66eea38cf10a21cc7cd86b89d181f5762382f2bf4c27
Vegas/Game/DisclosureRealization.lean,archive/se-generalization/lean/Vegas/Game/DisclosureRealization.lean.txt,replaced by baseline implementation,b42fe5991073ad75da45bcc86e388b1e5481b3ab42a1b321cd460db815c40d00
Vegas/Game/DisclosureRetraction.lean,archive/se-generalization/lean/Vegas/Game/DisclosureRetraction.lean.txt,replaced by baseline implementation,cd75ca0ebad1660b0df8c0f22e037867c65a1aee93aa519f24a023069443d1a8
Vegas/Game/EventCompilation.lean,archive/se-generalization/lean/Vegas/Game/EventCompilation.lean.txt,replaced by baseline implementation,ee9e3c23607ea69d7fb136330a504644d6e62235d1b9c17d3273988cae4b1af5
Vegas/Game/EventMessageStrategic.lean,archive/se-generalization/lean/Vegas/Game/EventMessageStrategic.lean.txt,replaced by baseline implementation,a02f66c37806200b487523134805e49735b39c2dd8bbf9bfb2ed8033cc345f7d
Vegas/Game/EventMessages.lean,archive/se-generalization/lean/Vegas/Game/EventMessages.lean.txt,replaced by baseline implementation,0bfb7ec4c369be140c4cc6860ae6497903accea697496e86eeaee90498e27099
Vegas/Game/EventScheduling.lean,archive/se-generalization/lean/Vegas/Game/EventScheduling.lean.txt,replaced by baseline implementation,bce6fcdc8d68cd225896ca4d65bb8a51bf04f0a584b9adae3014eb6c0441dde8
Vegas/Game/EventServiceEdge.lean,archive/se-generalization/lean/Vegas/Game/EventServiceEdge.lean.txt,replaced by baseline implementation,654bdba2ce27f24b8f0f00d1ad32b5339c32c172ef06b521359a8360f5f0400c
Vegas/Game/ParameterOutcomes.lean,archive/se-generalization/lean/Vegas/Game/ParameterOutcomes.lean.txt,replaced by baseline implementation,2d9bc0c1cde6b142bb8f4747cf82f556cdeca011a2516855b6d2a744240200ad
Vegas/Game/PendingCompositions.lean,archive/se-generalization/lean/Vegas/Game/PendingCompositions.lean.txt,replaced by baseline implementation,055b4a1deb909b364544ebac6c0cd40584d9102b024f8d74e390915230c66a7c
Vegas/Game/PurificationEdge.lean,archive/se-generalization/lean/Vegas/Game/PurificationEdge.lean.txt,replaced by baseline implementation,92aa18dbe20d236a8354a2eb1511b0fffe3ad46ed439330d4585b091ad1c5338
Vegas/Game/ServiceInformation.lean,archive/se-generalization/lean/Vegas/Game/ServiceInformation.lean.txt,replaced by baseline implementation,738d0bb69396d788c22dff8ad926e4c84b1dad91825fd148a40909598ed76783
Vegas/Game/ServiceObservation.lean,archive/se-generalization/lean/Vegas/Game/ServiceObservation.lean.txt,replaced by baseline implementation,f66187f0dabd4104552da42f01e0c054fdf84eeeb106f38711bdc7a293111253
Vegas/Game/ServicePayoffBounds.lean,archive/se-generalization/lean/Vegas/Game/ServicePayoffBounds.lean.txt,replaced by baseline implementation,2147a3d1936cd086ce4ece29f38a9fdf11df052f8a7b76176d9f8e690e6bc5d5
Vegas/Game/ServiceRoster.lean,archive/se-generalization/lean/Vegas/Game/ServiceRoster.lean.txt,replaced by baseline implementation,a8c58eb3d0076cad27d43bf5caa6fdce821fa979c0329e6af258a40c3d774737
Vegas/Game/ServiceRosterAsync.lean,archive/se-generalization/lean/Vegas/Game/ServiceRosterAsync.lean.txt,replaced by baseline implementation,9d3910263deeb586da2522977fb912f363ae8e842ed3e344c2024f62ce6e1036
Vegas/Game/ServiceRosterClock.lean,archive/se-generalization/lean/Vegas/Game/ServiceRosterClock.lean.txt,replaced by baseline implementation,8b0d42d715bb12f7edf29556c76de62a1f98448361909634993ae52789a93b51
Vegas/Game/ServiceRosterCounts.lean,archive/se-generalization/lean/Vegas/Game/ServiceRosterCounts.lean.txt,replaced by baseline implementation,27eddcaad301f764c08aea3869578ebec7bc9c1435c38c813a36f2068bf2a2ef
Vegas/Game/ServiceRosterEvaluation.lean,archive/se-generalization/lean/Vegas/Game/ServiceRosterEvaluation.lean.txt,replaced by baseline implementation,f9811afed25af94abdb74a43a65d3a250b106513ecb62e5b63991b8652605747
Vegas/Game/ServiceRosterLocalEvaluation.lean,archive/se-generalization/lean/Vegas/Game/ServiceRosterLocalEvaluation.lean.txt,replaced by baseline implementation,4da4f91a494c36b156596dae6099b60fd78acddb4e1e3892b98bd05d979ed8be
Vegas/Game/ServiceRosterPosition.lean,archive/se-generalization/lean/Vegas/Game/ServiceRosterPosition.lean.txt,replaced by baseline implementation,304592ffb94f4e702c5c53e45c60130c16296927e1fb8e1f38ff126a545ca42b
Vegas/Game/ServiceSettledEvidence.lean,archive/se-generalization/lean/Vegas/Game/ServiceSettledEvidence.lean.txt,replaced by baseline implementation,cd2adefb3265a14e63ab48e9bf5653b9180b2eb11b7c61c6f070af6e8cd56927
Vegas/Game/SourceBayes.lean,archive/se-generalization/lean/Vegas/Game/SourceBayes.lean.txt,replaced by baseline implementation,f76b223925268624c6560af1771bd89d26197d1e634fcfaeebc6c3e3576917cc
Vegas/Game/SourceChoiceCompletion.lean,archive/se-generalization/lean/Vegas/Game/SourceChoiceCompletion.lean.txt,replaced by baseline implementation,093a49417dec5a6e56cff276c8a8b4d32598f2c7099af259103ae6a3e1b76714
Vegas/Game/SourceContinuation.lean,archive/se-generalization/lean/Vegas/Game/SourceContinuation.lean.txt,replaced by baseline implementation,7f19da03a752e606c1736a291c9c6b5e6140f7d36f67af449f899b819a18ffee
Vegas/Game/SourceInformation.lean,archive/se-generalization/lean/Vegas/Game/SourceInformation.lean.txt,replaced by baseline implementation,b0a12438e6f1ab34b151c480a11595a75c020bff2a406258f4ba27ab7e71b260
Vegas/Game/SourceLocalContinuation.lean,archive/se-generalization/lean/Vegas/Game/SourceLocalContinuation.lean.txt,replaced by baseline implementation,cc48177716f4339bbbe264c1459fa36329ec87c49299ba113b59a69ef4952ee9
Vegas/Game/SourceLocalPolicy.lean,archive/se-generalization/lean/Vegas/Game/SourceLocalPolicy.lean.txt,replaced by baseline implementation,426e56ed43105e4048626477de9967779aeb26e716937ea6402d534a28c45981
Vegas/Game/SourcePrefixKernel.lean,archive/se-generalization/lean/Vegas/Game/SourcePrefixKernel.lean.txt,replaced by baseline implementation,09b581930cffbf796497c17d3c785b604ad0096f44bc20a5e337ac50357d823c
Vegas/Game/SourceServiceActiveBindingCheckpoint.lean,archive/se-generalization/lean/Vegas/Game/SourceServiceActiveBindingCheckpoint.lean.txt,replaced by baseline implementation,1e3ffbdf1c49ed434171b07e7d47816f7d7983c2eb5839f800a9716f2f8fff2b
Vegas/Game/SourceServiceActiveBindingLaw.lean,archive/se-generalization/lean/Vegas/Game/SourceServiceActiveBindingLaw.lean.txt,replaced by baseline implementation,8bdaef05b2556f54c14641343d4f748df6be658c32a9b74d05e65cdba15a2665
Vegas/Game/SourceServiceActiveBlockRepair.lean,archive/se-generalization/lean/Vegas/Game/SourceServiceActiveBlockRepair.lean.txt,replaced by baseline implementation,12ff1a27c0a2889d8831ba55d433a850768f68ce461720924f40a9859aecbeb0
Vegas/Game/SourceServiceActiveOffTurnRepair.lean,archive/se-generalization/lean/Vegas/Game/SourceServiceActiveOffTurnRepair.lean.txt,replaced by baseline implementation,f4856a4089c70f1db24417605b5a6bc9906967ab0ee5df5a079fe73a7d48fe86
Vegas/Game/SourceServiceActiveRepair.lean,archive/se-generalization/lean/Vegas/Game/SourceServiceActiveRepair.lean.txt,replaced by baseline implementation,c6b2d58eca36a9f1d5c9ef01433e3868e31c6a9ef519e34fa084896acad118f6
Vegas/Game/SourceServiceActiveRepeatedBindingRepair.lean,archive/se-generalization/lean/Vegas/Game/SourceServiceActiveRepeatedBindingRepair.lean.txt,replaced by baseline implementation,ce365d67b305197eb97ba2fff113b1c93e6255754d4853adf03890e9c6c7b90b
Vegas/Game/SourceServiceActiveResolutionRepair.lean,archive/se-generalization/lean/Vegas/Game/SourceServiceActiveResolutionRepair.lean.txt,replaced by baseline implementation,fa82dd1e67749735cc78f9f5432cb79af09d0546c0e013a08061d5cb09860682
Vegas/Game/SourceServiceAdmission.lean,archive/se-generalization/lean/Vegas/Game/SourceServiceAdmission.lean.txt,replaced by baseline implementation,0485490e3408d9ce5b5c1c1d25ece65496a488c82ca1fccb4b52fc3ef7c720d9
Vegas/Game/SourceServiceAssessment.lean,archive/se-generalization/lean/Vegas/Game/SourceServiceAssessment.lean.txt,replaced by baseline implementation,e7f8daa5d84393d644001e3311c8a35dfdc0a23418df294dbffe87b6fa7afb54
Vegas/Game/SourceServiceAsyncStep.lean,archive/se-generalization/lean/Vegas/Game/SourceServiceAsyncStep.lean.txt,replaced by baseline implementation,20d0ad62087888717a2981093fd76da3bafd1c7ac9d6826bbbed80c0668ceb3b
Vegas/Game/SourceServiceAsyncTimeliness.lean,archive/se-generalization/lean/Vegas/Game/SourceServiceAsyncTimeliness.lean.txt,replaced by baseline implementation,6cda2928e8e125abf45bb8e25c00895de8dc45ff6814624e73fb73f69d6b3cd8
Vegas/Game/SourceServiceAudit.lean,archive/se-generalization/lean/Vegas/Game/SourceServiceAudit.lean.txt,replaced by baseline implementation,ff1a89b918184d16a4142f4169d2168baf4e9a80b9c8e48e5762d5ddb6894197
Vegas/Game/SourceServiceBayes.lean,archive/se-generalization/lean/Vegas/Game/SourceServiceBayes.lean.txt,replaced by baseline implementation,f9ff51b35f1519f8d9a5280b05a79495d137caf943652f8bdc79e6fd887c49f7
Vegas/Game/SourceServiceBinding.lean,archive/se-generalization/lean/Vegas/Game/SourceServiceBinding.lean.txt,replaced by baseline implementation,e2700a3c726ae55a00b4bbe567821ffe7e8496a71e66c0d8a004b287d004eb71
Vegas/Game/SourceServiceBindingBoundary.lean,archive/se-generalization/lean/Vegas/Game/SourceServiceBindingBoundary.lean.txt,replaced by baseline implementation,c86ee929933a1a2dc2c8c277135ac5d2589950b11d815e38942628ecb2780f8e
Vegas/Game/SourceServiceBindingContinuation.lean,archive/se-generalization/lean/Vegas/Game/SourceServiceBindingContinuation.lean.txt,replaced by baseline implementation,b9e4b5293692a97c617b44f0f92954ef72df04ae68697090d744e0b417cbaa57
Vegas/Game/SourceServiceBindingPhase.lean,archive/se-generalization/lean/Vegas/Game/SourceServiceBindingPhase.lean.txt,replaced by baseline implementation,a679ba7862072109ddb3eb9130744a5a2dc79ce0846fc60f8de76226e798719d
Vegas/Game/SourceServiceBindingRoster.lean,archive/se-generalization/lean/Vegas/Game/SourceServiceBindingRoster.lean.txt,replaced by baseline implementation,9dacaa241f0cb5f49d6c175f304120a905c2baba75fb3756a2fefb26a01b5949
Vegas/Game/SourceServiceBindingSource.lean,archive/se-generalization/lean/Vegas/Game/SourceServiceBindingSource.lean.txt,replaced by baseline implementation,592a537064ac4308d9a50f01493cb4022aeda8c8f6a7d98a0792e765f5d1c582
Vegas/Game/SourceServiceBindingSupport.lean,archive/se-generalization/lean/Vegas/Game/SourceServiceBindingSupport.lean.txt,replaced by baseline implementation,a85bd46a16d6562461712022f1535cb0cda636dc6344d4c2871d736dc6dcc643
Vegas/Game/SourceServiceBindingWaiting.lean,archive/se-generalization/lean/Vegas/Game/SourceServiceBindingWaiting.lean.txt,replaced by baseline implementation,5f3d324d991a7de2954ba84afef41af9ce3bb54498ab0a7b855209a1eed969ec
Vegas/Game/SourceServiceBoundary.lean,archive/se-generalization/lean/Vegas/Game/SourceServiceBoundary.lean.txt,replaced by baseline implementation,eb2e37dbc44da1d810c39090e57037d12a45fd2dd07cd68d244dfc1659e50a16
Vegas/Game/SourceServiceCanonicalConformance.lean,archive/se-generalization/lean/Vegas/Game/SourceServiceCanonicalConformance.lean.txt,replaced by baseline implementation,dd85abfba8f75d835332870ca2f231245c2a7b0a7cd296b00cb82b101b9c5f11
Vegas/Game/SourceServiceCanonicalPolicy.lean,archive/se-generalization/lean/Vegas/Game/SourceServiceCanonicalPolicy.lean.txt,replaced by baseline implementation,f84eb05d1080251b7f892f13f67db3ecd8843fc45ae57b90d5a0f02c2b8694a3
Vegas/Game/SourceServiceCanonicalSerial.lean,archive/se-generalization/lean/Vegas/Game/SourceServiceCanonicalSerial.lean.txt,replaced by baseline implementation,a421787a61b5179896a38341fff53148295da32c4ed150053ef771e34febce7d
Vegas/Game/SourceServiceCanonicalSlots.lean,archive/se-generalization/lean/Vegas/Game/SourceServiceCanonicalSlots.lean.txt,replaced by baseline implementation,f0f560112713f784d10c415ae6341a2a7a85dae96cce28353e84f0c3aba9a0fc
Vegas/Game/SourceServiceCheckpoint.lean,archive/se-generalization/lean/Vegas/Game/SourceServiceCheckpoint.lean.txt,replaced by baseline implementation,9461464db348b35139cc9890a5bc28e5ef0cf7ae06c09c805561bc306b8b4ed3
Vegas/Game/SourceServiceChoiceSupport.lean,archive/se-generalization/lean/Vegas/Game/SourceServiceChoiceSupport.lean.txt,replaced by baseline implementation,791bc353f597459209f27b42d5bd3cb0382884b11486b9a4b57177159faba763
Vegas/Game/SourceServiceCompilation.lean,archive/se-generalization/lean/Vegas/Game/SourceServiceCompilation.lean.txt,replaced by baseline implementation,65be575b1e5c3ec23f76e97a45d942ca86b2ed72c8f5560d6f487c0bbc93becf
Vegas/Game/SourceServiceCompiledExecution.lean,archive/se-generalization/lean/Vegas/Game/SourceServiceCompiledExecution.lean.txt,replaced by baseline implementation,fbd0b3ebf34ac63e2f2546ca5eb95f64f3d7aa25f652e76b4ef288a0aa87cb1c
Vegas/Game/SourceServiceCompletion.lean,archive/se-generalization/lean/Vegas/Game/SourceServiceCompletion.lean.txt,replaced by baseline implementation,43c393b83cb7ae0bdf5c45275760bb17a9acf29dafd2e12728d61293517c5aba
Vegas/Game/SourceServiceConformance.lean,archive/se-generalization/lean/Vegas/Game/SourceServiceConformance.lean.txt,replaced by baseline implementation,fba635462c7c0c0dbc46f08e8680ba3a7f84571dd141b71b140c48ff5b0353f7
Vegas/Game/SourceServiceContinuationBridge.lean,archive/se-generalization/lean/Vegas/Game/SourceServiceContinuationBridge.lean.txt,replaced by baseline implementation,8b386a0aebea30dfd2c5f2a4101fee91bf58b3b7cf652620c76425030b8db8b8
Vegas/Game/SourceServiceContinuationComparison.lean,archive/se-generalization/lean/Vegas/Game/SourceServiceContinuationComparison.lean.txt,replaced by baseline implementation,b94b27b3c811752f760f32c473393173142f7da9c198c954d1d642df9f4b5090
Vegas/Game/SourceServiceCoverage.lean,archive/se-generalization/lean/Vegas/Game/SourceServiceCoverage.lean.txt,replaced by baseline implementation,26b368158dc2ed123e03829e7f1803dc6c85cadad25461e5ab8491fccfb080d3
Vegas/Game/SourceServiceDecidedCompletion.lean,archive/se-generalization/lean/Vegas/Game/SourceServiceDecidedCompletion.lean.txt,replaced by baseline implementation,e6375f422d77976993d4abf1995a82428aca088789696536dd16b57fc7dc8770
Vegas/Game/SourceServiceDecisionResources.lean,archive/se-generalization/lean/Vegas/Game/SourceServiceDecisionResources.lean.txt,replaced by baseline implementation,29e1fb5e4f5c4f4986653bdeef2b3f5d12489aa6ccf4f28a7e2379b43bac4744
Vegas/Game/SourceServiceDecisionSupport.lean,archive/se-generalization/lean/Vegas/Game/SourceServiceDecisionSupport.lean.txt,replaced by baseline implementation,2bc2d6127bcc345f0ac0507ed73f610f08a8aa96cb4887d5188641d545062ee7
Vegas/Game/SourceServiceDisclosure.lean,archive/se-generalization/lean/Vegas/Game/SourceServiceDisclosure.lean.txt,replaced by baseline implementation,349a60ba78f19b90227150c1eda1717c1c5cfb8be9aed8c0e6ba39636ea7186a
Vegas/Game/SourceServiceDisclosureFactorization.lean,archive/se-generalization/lean/Vegas/Game/SourceServiceDisclosureFactorization.lean.txt,replaced by baseline implementation,85cc277c927ae15fa901c903da989d389d5987d19d1745ba307ba8b3a523a10d
Vegas/Game/SourceServiceDisclosureMemory.lean,archive/se-generalization/lean/Vegas/Game/SourceServiceDisclosureMemory.lean.txt,replaced by baseline implementation,cd6c21c27a138337b9ea3d467c2d2b235618af72dbe63495caddc5ce33c08361
Vegas/Game/SourceServiceDisclosurePhase.lean,archive/se-generalization/lean/Vegas/Game/SourceServiceDisclosurePhase.lean.txt,replaced by baseline implementation,2f8e7fcddac6c14e886a42653c23c35dbc7907e1225cceac78ea46f1925b874f
Vegas/Game/SourceServiceDisclosurePosterior.lean,archive/se-generalization/lean/Vegas/Game/SourceServiceDisclosurePosterior.lean.txt,replaced by baseline implementation,557931e23c449bb159ce4d2e04e422563d753dd9fe71e6923ba8d0a5b5bddbe1
Vegas/Game/SourceServiceEquilibrium.lean,archive/se-generalization/lean/Vegas/Game/SourceServiceEquilibrium.lean.txt,replaced by baseline implementation,dddb5240fef2228c7ee39c0f37bb032831b28ec7e63de21c4c3718de91bdcf15
Vegas/Game/SourceServiceEvaluatorRepair.lean,archive/se-generalization/lean/Vegas/Game/SourceServiceEvaluatorRepair.lean.txt,replaced by baseline implementation,10bd24a9898111f8e6bff1e223836452267ee67ddfdd0f65f7a8f578498d84c2
Vegas/Game/SourceServiceEventRepair.lean,archive/se-generalization/lean/Vegas/Game/SourceServiceEventRepair.lean.txt,replaced by baseline implementation,49b646af2b5390db08b85102bf40d025fdd87e5d36237c800471cee873715b0d
Vegas/Game/SourceServiceEvidence.lean,archive/se-generalization/lean/Vegas/Game/SourceServiceEvidence.lean.txt,replaced by baseline implementation,4e36478e29c29302888916d755db634c566acc4cb9d31122480b8a32f43d15e6
Vegas/Game/SourceServiceExecution.lean,archive/se-generalization/lean/Vegas/Game/SourceServiceExecution.lean.txt,replaced by baseline implementation,cf8013d30139ca36b1b2bd768e8de15fce0869619c1b12a126966eab9ab19bba
Vegas/Game/SourceServiceFactorization.lean,archive/se-generalization/lean/Vegas/Game/SourceServiceFactorization.lean.txt,replaced by baseline implementation,d4a19519f4c40869be81e57bfb4d8d9c85cd3ddb34d962707fa508a18d8e7a3e
Vegas/Game/SourceServiceFinalBindingRepair.lean,archive/se-generalization/lean/Vegas/Game/SourceServiceFinalBindingRepair.lean.txt,replaced by baseline implementation,e36164809c7b2b4cb305fac343b6b426c48a4893cf0d37f7fc9fea963601d6b4
Vegas/Game/SourceServiceFiniteness.lean,archive/se-generalization/lean/Vegas/Game/SourceServiceFiniteness.lean.txt,replaced by baseline implementation,d6e40efaab2583006a67490867d94aba12358dcb9460be3b941603c4b30c5e2f
Vegas/Game/SourceServiceFirstBindingBlock.lean,archive/se-generalization/lean/Vegas/Game/SourceServiceFirstBindingBlock.lean.txt,replaced by baseline implementation,1dc9c13d78d80c2c777557dae7bd2ac466ad5daf0ec3c4a3e73093576771f438
Vegas/Game/SourceServiceFirstTurnMixture.lean,archive/se-generalization/lean/Vegas/Game/SourceServiceFirstTurnMixture.lean.txt,replaced by baseline implementation,e22ed12758eaa28fbcaf472309ce0948d55342648710ad80bbb86602b39269e5
Vegas/Game/SourceServiceForeignBindingBlock.lean,archive/se-generalization/lean/Vegas/Game/SourceServiceForeignBindingBlock.lean.txt,replaced by baseline implementation,3aea53e2d2290f6aa7a14947e1b051a9ca4b7b4d116ecbc6a4f16dbb6200ae1c
Vegas/Game/SourceServiceForeignBindingRepair.lean,archive/se-generalization/lean/Vegas/Game/SourceServiceForeignBindingRepair.lean.txt,replaced by baseline implementation,86ca961294f01b277c968fd36ebbbe7ccd1b1d103fd22926a091e59e57c2055b
Vegas/Game/SourceServiceForeignComparison.lean,archive/se-generalization/lean/Vegas/Game/SourceServiceForeignComparison.lean.txt,replaced by baseline implementation,4b0e018eeeb344840c2d64c6b8c91b74a5be56de47c2b105c341af04175f74bb
Vegas/Game/SourceServiceForeignDisclosure.lean,archive/se-generalization/lean/Vegas/Game/SourceServiceForeignDisclosure.lean.txt,replaced by baseline implementation,38890118fb8ff7dea10dec8f7563829a36779de9a87f6663dfe69738464a8513
Vegas/Game/SourceServiceHarmlessContinuation.lean,archive/se-generalization/lean/Vegas/Game/SourceServiceHarmlessContinuation.lean.txt,replaced by baseline implementation,8a5aa2abb3477cb86c5160a081df0788c9cb7654da88a326f18eeb2fa5b74a1d
Vegas/Game/SourceServiceImplementationSegment.lean,archive/se-generalization/lean/Vegas/Game/SourceServiceImplementationSegment.lean.txt,replaced by baseline implementation,2084a68e0073c123b249c7705d093648cce1d5f8ed0be315fa3f2e4afc2335b3
Vegas/Game/SourceServiceInclusionSupport.lean,archive/se-generalization/lean/Vegas/Game/SourceServiceInclusionSupport.lean.txt,replaced by baseline implementation,5da5410c00f436504d1589655f0b3b2e91ebcfa782be60637699038ac0af5a54
Vegas/Game/SourceServiceLaw.lean,archive/se-generalization/lean/Vegas/Game/SourceServiceLaw.lean.txt,replaced by baseline implementation,8edd644418c93c57b3de47b12dfbac22b560bc2806416ce5f287d44b4f215846
Vegas/Game/SourceServiceLocalComparison.lean,archive/se-generalization/lean/Vegas/Game/SourceServiceLocalComparison.lean.txt,replaced by baseline implementation,d98f806b217812f99e7885d3ce91e6118e55c27507a3d9f5d33f7a223615432b
Vegas/Game/SourceServiceLocalSupport.lean,archive/se-generalization/lean/Vegas/Game/SourceServiceLocalSupport.lean.txt,replaced by baseline implementation,7edfb0eb7c96beb6ec68716096ffcfc781a115d244f418f33cda481b1bb5fb7d
Vegas/Game/SourceServiceMenu.lean,archive/se-generalization/lean/Vegas/Game/SourceServiceMenu.lean.txt,replaced by baseline implementation,fb0323faf5d41ea317ba5805710002209782cdc7e914bb42460deba5d5ee4958
Vegas/Game/SourceServiceOffTurnWindow.lean,archive/se-generalization/lean/Vegas/Game/SourceServiceOffTurnWindow.lean.txt,replaced by baseline implementation,2c9c1a89dbd0bd19fde0a720d99c46c832be518dc5ec7639c4fd81dd8af4fa76
Vegas/Game/SourceServiceOmission.lean,archive/se-generalization/lean/Vegas/Game/SourceServiceOmission.lean.txt,replaced by baseline implementation,a4143dfe667ba9b9e030df8c97f1084d6c881c196e2b4ac597bf953f6d551798
Vegas/Game/SourceServiceOwnerComparison.lean,archive/se-generalization/lean/Vegas/Game/SourceServiceOwnerComparison.lean.txt,replaced by baseline implementation,6a3265d4f01d20b9c7db1abb33b74cdac938e1f58abd7e7afea52186779aaf79
Vegas/Game/SourceServicePhaseLaw.lean,archive/se-generalization/lean/Vegas/Game/SourceServicePhaseLaw.lean.txt,replaced by baseline implementation,d982d1197161d68ada845b18dd4c03ef19e944f93df1eef73d4d21d9a9a27e5e
Vegas/Game/SourceServicePhaseStart.lean,archive/se-generalization/lean/Vegas/Game/SourceServicePhaseStart.lean.txt,replaced by baseline implementation,2fea541bcacafe96cd759cc83bec584d460c4172be1f49727a3f4804ce982e00
Vegas/Game/SourceServicePolicy.lean,archive/se-generalization/lean/Vegas/Game/SourceServicePolicy.lean.txt,replaced by baseline implementation,a590f44c5506396ae174220a6862b13dc8b08fd0786092c64276780388b86736
Vegas/Game/SourceServicePosterior.lean,archive/se-generalization/lean/Vegas/Game/SourceServicePosterior.lean.txt,replaced by baseline implementation,ab69fa0cc64a7cfaf849b59e75d9869be612febebac9f61948abc9a8219680f2
Vegas/Game/SourceServicePrefix.lean,archive/se-generalization/lean/Vegas/Game/SourceServicePrefix.lean.txt,replaced by baseline implementation,9866dc46e6490ffc804c866ca4151b0e98eb4506b1343b375a5246dd45fc3ed0
Vegas/Game/SourceServicePrefixFactorization.lean,archive/se-generalization/lean/Vegas/Game/SourceServicePrefixFactorization.lean.txt,replaced by baseline implementation,b4ff18bb1ce9fb844f1d560a008835b48f826c552e4693997e02373dd8c6d102
Vegas/Game/SourceServicePrefixInformation.lean,archive/se-generalization/lean/Vegas/Game/SourceServicePrefixInformation.lean.txt,replaced by baseline implementation,cff0c0162387997c8b33741d2aca6180f8af243c3f370d715e76baa92f8209e1
Vegas/Game/SourceServicePrefixPosterior.lean,archive/se-generalization/lean/Vegas/Game/SourceServicePrefixPosterior.lean.txt,replaced by baseline implementation,3a38ddddfc7abb92367ba103aae9121084502a62f71dadba7f44e397ad829fe8
Vegas/Game/SourceServicePrefixSupport.lean,archive/se-generalization/lean/Vegas/Game/SourceServicePrefixSupport.lean.txt,replaced by baseline implementation,bb41348253a080db298e7cf54231b0466d398348d0235c45bf23f5d6ce1db46e
Vegas/Game/SourceServiceProgramRepair.lean,archive/se-generalization/lean/Vegas/Game/SourceServiceProgramRepair.lean.txt,replaced by baseline implementation,05e3fcdbd9751605fc7c454758f0d14923a5fe5ca3b91c57a9b0df91e53fe7e7
Vegas/Game/SourceServiceRawExtension.lean,archive/se-generalization/lean/Vegas/Game/SourceServiceRawExtension.lean.txt,replaced by baseline implementation,8054745dedf2a74a81d488644942437c72e8a66b538f9c38d31efb095dbac4e9
Vegas/Game/SourceServiceReachedDecoding.lean,archive/se-generalization/lean/Vegas/Game/SourceServiceReachedDecoding.lean.txt,replaced by baseline implementation,41762141ec370e6070da939d6da98aea4778a04f887b3c64f675196ba7ba6752
Vegas/Game/SourceServiceRecordedContinuation.lean,archive/se-generalization/lean/Vegas/Game/SourceServiceRecordedContinuation.lean.txt,replaced by baseline implementation,79f79d8ebdae70c3aacb139785acc238819f182406b07ffddaa534bfa27c2705
Vegas/Game/SourceServiceRemainingRepair.lean,archive/se-generalization/lean/Vegas/Game/SourceServiceRemainingRepair.lean.txt,replaced by baseline implementation,c79aee0a2170ac64c96fb9d2ffc21684ac1147a5713d5063e7d6ff413479b2b1
Vegas/Game/SourceServiceRepairForeignWindow.lean,archive/se-generalization/lean/Vegas/Game/SourceServiceRepairForeignWindow.lean.txt,replaced by baseline implementation,d4de796595b5b5fde43e2ad98d84214064c2d68df932ca4473000f8ae0e3836e
Vegas/Game/SourceServiceRepairOpportunity.lean,archive/se-generalization/lean/Vegas/Game/SourceServiceRepairOpportunity.lean.txt,replaced by baseline implementation,c008e6dc6b0eacafcc017ecc6f378961b55c8c6f7a77689e102d102e4d8b0111
Vegas/Game/SourceServiceRepairSettlement.lean,archive/se-generalization/lean/Vegas/Game/SourceServiceRepairSettlement.lean.txt,replaced by baseline implementation,49b2f4cdb0ebfe04d14480638930810f9735d4603283244028039671becbf52d
Vegas/Game/SourceServiceRepeatedBlock.lean,archive/se-generalization/lean/Vegas/Game/SourceServiceRepeatedBlock.lean.txt,replaced by baseline implementation,284b6ac8afe717051123f3cad390120444644af66300e128198b9584542be2e3
Vegas/Game/SourceServiceRepeatedWindow.lean,archive/se-generalization/lean/Vegas/Game/SourceServiceRepeatedWindow.lean.txt,replaced by baseline implementation,af3da4fbd13571215de48b880d53d291e1ce555d5a9ac1e4ad4763c94f5a999d
Vegas/Game/SourceServiceReservedRepair.lean,archive/se-generalization/lean/Vegas/Game/SourceServiceReservedRepair.lean.txt,replaced by baseline implementation,42cef92519a7c1cf140b108a355d7e7872f8d5792fb683dc6a386695c1b7cc3a
Vegas/Game/SourceServiceResolutionBlock.lean,archive/se-generalization/lean/Vegas/Game/SourceServiceResolutionBlock.lean.txt,replaced by baseline implementation,501de1b740ad54205aa4dd3bd2a8509ceeea5b8efd680feb3abde7d473c67138
Vegas/Game/SourceServiceResolutionBoundary.lean,archive/se-generalization/lean/Vegas/Game/SourceServiceResolutionBoundary.lean.txt,replaced by baseline implementation,ec213f7d98ca43b214fedd036aa41740eb05b1da454173f410492d7fe8f6957c
Vegas/Game/SourceServiceResolutionRepair.lean,archive/se-generalization/lean/Vegas/Game/SourceServiceResolutionRepair.lean.txt,replaced by baseline implementation,ae72db49ec6b6572bb5409f83a5e3c0d2eb971f7585e04a82617a6582e2ac56f
Vegas/Game/SourceServiceResolutionWindow.lean,archive/se-generalization/lean/Vegas/Game/SourceServiceResolutionWindow.lean.txt,replaced by baseline implementation,46f351b9da358beb84d948944ece414c3f9bcbab208a12724bdf3ec1ccb0c919
Vegas/Game/SourceServiceRestrictionExtension.lean,archive/se-generalization/lean/Vegas/Game/SourceServiceRestrictionExtension.lean.txt,replaced by baseline implementation,49605f26b77a1287b9a608eb4f1d2edc33f4a3d3a2d68f667364f648a16fea0d
Vegas/Game/SourceServiceRosterPolicy.lean,archive/se-generalization/lean/Vegas/Game/SourceServiceRosterPolicy.lean.txt,replaced by baseline implementation,d0f78bd389dfd52307aff2a3f70ab1700f0201aba343c217927bb2b64f6fdeeb
Vegas/Game/SourceServiceSampleBoundary.lean,archive/se-generalization/lean/Vegas/Game/SourceServiceSampleBoundary.lean.txt,replaced by baseline implementation,4f30eb5ada869d81bd11151dde555e152093c04e8fa020bca9f5d670f7a9c4a6
Vegas/Game/SourceServiceSampleComparison.lean,archive/se-generalization/lean/Vegas/Game/SourceServiceSampleComparison.lean.txt,replaced by baseline implementation,b918942d8f65520b47671aed5e756181642b4576324f5f81a1fec8e30fc34695
Vegas/Game/SourceServiceSampleFactorization.lean,archive/se-generalization/lean/Vegas/Game/SourceServiceSampleFactorization.lean.txt,replaced by baseline implementation,800aa16fc6d9e62a22f1f2653a491994cede6b354328625076462eff8bc13e07
Vegas/Game/SourceServiceSampleRepair.lean,archive/se-generalization/lean/Vegas/Game/SourceServiceSampleRepair.lean.txt,replaced by baseline implementation,33de2a5620a5f30b014cd08305c11e96011e446192803fc097e7a7051e788dd7
Vegas/Game/SourceServiceSettledSound.lean,archive/se-generalization/lean/Vegas/Game/SourceServiceSettledSound.lean.txt,replaced by baseline implementation,a03cc4e504201defec9ce5f1e6ddf41a6a35458a682ab4d43f065f8eb83e965e
Vegas/Game/SourceServiceSettlement.lean,archive/se-generalization/lean/Vegas/Game/SourceServiceSettlement.lean.txt,replaced by baseline implementation,a642d86fe0f838ab0ff0c76af8c96d8a2e7da94cfd276f9f2d83d138af73ae90
Vegas/Game/SourceServiceSiteKind.lean,archive/se-generalization/lean/Vegas/Game/SourceServiceSiteKind.lean.txt,replaced by baseline implementation,5cea43eb6bb351c4a6f4f739d1a466f911a104655d739365cce36b29cc79dd9c
Vegas/Game/SourceServiceStep.lean,archive/se-generalization/lean/Vegas/Game/SourceServiceStep.lean.txt,replaced by baseline implementation,860363807a4d43aaf692a0fa8219d5d99c0eed33aa9569b2932528387ea9c160
Vegas/Game/SourceServiceStoppedBindingWindow.lean,archive/se-generalization/lean/Vegas/Game/SourceServiceStoppedBindingWindow.lean.txt,replaced by baseline implementation,f3fa6bb5b689eae1c721f5054a3ccc54f17fad91c78ac3bbaac278438bdb7ee2
Vegas/Game/SourceServiceSubmittedBinding.lean,archive/se-generalization/lean/Vegas/Game/SourceServiceSubmittedBinding.lean.txt,replaced by baseline implementation,88b1e278cda7aa19cfa4d31a503f76cda9a34437ebaefa121300060f73ac27c0
Vegas/Game/SourceServiceTimedAdmissibility.lean,archive/se-generalization/lean/Vegas/Game/SourceServiceTimedAdmissibility.lean.txt,replaced by baseline implementation,43d8d69f7a27e9aa34679da072bbce5a06eedccab27bfc389c1cf265f22b40ba
Vegas/Game/SourceServiceTimedBinding.lean,archive/se-generalization/lean/Vegas/Game/SourceServiceTimedBinding.lean.txt,replaced by baseline implementation,64a235ec5267489ff6c8e3170dfa11af6a760eed00e130f754853f5a2ef66717
Vegas/Game/SourceServiceTimedBindingCheckpoint.lean,archive/se-generalization/lean/Vegas/Game/SourceServiceTimedBindingCheckpoint.lean.txt,replaced by baseline implementation,095f8d8d186a5f8dd3130c6de4f0728a3b7c35e531229ca85e6223bd93a0a99c
Vegas/Game/SourceServiceTimedCheckpoint.lean,archive/se-generalization/lean/Vegas/Game/SourceServiceTimedCheckpoint.lean.txt,replaced by baseline implementation,3a2ca149e7ec13e1d8f9a7f59a0aedaa55d718aa9f2e9f2752e23f717b7120d3
Vegas/Game/SourceServiceTimedContinuation.lean,archive/se-generalization/lean/Vegas/Game/SourceServiceTimedContinuation.lean.txt,replaced by baseline implementation,750575c500bcdf9ee5a674ffe350c4c59007baa3f4421f1d4bb4633aa7edc133
Vegas/Game/SourceServiceTimedDisclosure.lean,archive/se-generalization/lean/Vegas/Game/SourceServiceTimedDisclosure.lean.txt,replaced by baseline implementation,db28daaf4f1c7d91bd63de063b6b25a47d087f6979d42c80e466843c2bf963d6
Vegas/Game/SourceServiceTimedLaw.lean,archive/se-generalization/lean/Vegas/Game/SourceServiceTimedLaw.lean.txt,replaced by baseline implementation,a70bf3ee418315c5ff532df0144de5d61fea7459881a19c746e3e493c79fd64f
Vegas/Game/SourceServiceTimedMixing.lean,archive/se-generalization/lean/Vegas/Game/SourceServiceTimedMixing.lean.txt,replaced by baseline implementation,5ac6976a6ea64eb7be9e0a4b9f665030943c3ff447937fc807a8b59f52882f76
Vegas/Game/SourceServiceTimedPolicy.lean,archive/se-generalization/lean/Vegas/Game/SourceServiceTimedPolicy.lean.txt,replaced by baseline implementation,e424e99703425654faad47673d78c79db6ddd7940e6e4e1dd2603c78c2ba1be7
Vegas/Game/SourceServiceTimedReachability.lean,archive/se-generalization/lean/Vegas/Game/SourceServiceTimedReachability.lean.txt,replaced by baseline implementation,1dfae344456db927018fd55416de21f4270a762cd18df6b282a8ca70ea2dc9e8
Vegas/Game/SourceServiceTimedSample.lean,archive/se-generalization/lean/Vegas/Game/SourceServiceTimedSample.lean.txt,replaced by baseline implementation,485820f67260a829a8a2a91f46646e011e86442019e171078652d359fd799402
Vegas/Game/SourceServiceTimedSupport.lean,archive/se-generalization/lean/Vegas/Game/SourceServiceTimedSupport.lean.txt,replaced by baseline implementation,660b26ef3c7415c6fb3d7c05ade91ad17e008bad7ddd86473c76628716a0ef1f
Vegas/Game/SourceServiceTimingPosterior.lean,archive/se-generalization/lean/Vegas/Game/SourceServiceTimingPosterior.lean.txt,replaced by baseline implementation,a6dfdbf6eb000c036891e1fe403507d129a3be5ae62c050e9f7eaadd53f28d23
Vegas/Game/SourceServiceTrafficSound.lean,archive/se-generalization/lean/Vegas/Game/SourceServiceTrafficSound.lean.txt,replaced by baseline implementation,9f57326d93923ca238d95d90dd2b388064b74f187b5e7405ba99da953ac64510
Vegas/Game/SourceServiceTurnPolicy.lean,archive/se-generalization/lean/Vegas/Game/SourceServiceTurnPolicy.lean.txt,replaced by baseline implementation,a08853ba686fa8be1f87564d1e42399d14636cf90c706169c8a79248c7ae9a61
Vegas/Game/SourceServiceTurnSubmissions.lean,archive/se-generalization/lean/Vegas/Game/SourceServiceTurnSubmissions.lean.txt,replaced by baseline implementation,d170bfa2e49a8739ff98150dfc440cfb14dc8da91e46368f8c103e898fb07507
Vegas/Game/SourceServiceUnsentBinding.lean,archive/se-generalization/lean/Vegas/Game/SourceServiceUnsentBinding.lean.txt,replaced by baseline implementation,5f0073a21c633eedef96f298f49802459458d4257795d600ab5c160e34827086
Vegas/Game/SourceServiceWaiting.lean,archive/se-generalization/lean/Vegas/Game/SourceServiceWaiting.lean.txt,replaced by baseline implementation,1271d2b8af830bb68eadf49e20912dcea777eeb6a6f7feec3b85f4828f06302e
Vegas/Game/SourceStateKernel.lean,archive/se-generalization/lean/Vegas/Game/SourceStateKernel.lean.txt,replaced by baseline implementation,6ec232a839d99bbfc9963d4f450e6f9e07d7d3cefcddf8622f86c92bd07ae8a3
Vegas/Game/ValueBindingEdge.lean,archive/se-generalization/lean/Vegas/Game/ValueBindingEdge.lean.txt,replaced by baseline implementation,4168fbfd78c08d50cca9b38217f543f94711e24b0032748abc4e911171d05396
Vegas/Pending.lean,archive/se-generalization/lean/Vegas/Pending.lean.txt,replaced by baseline implementation,b98224536b02d293bf04c1d1fbcbf66f46e81f7ee1001131526ea3987f91a64d
Vegas/Pending/EventActivationAge.lean,archive/se-generalization/lean/Vegas/Pending/EventActivationAge.lean.txt,replaced by baseline implementation,4a1185b82edd924283c8abf217db382cedbd417febfec264af5393beee4e3002
Vegas/Pending/EventApplication.lean,archive/se-generalization/lean/Vegas/Pending/EventApplication.lean.txt,replaced by baseline implementation,2520796b1b6c34183b40af9b51b6dca9d091459dd6a0f63d1a68229e2ca2855a
Vegas/Pending/EventBindingAction.lean,archive/se-generalization/lean/Vegas/Pending/EventBindingAction.lean.txt,replaced by baseline implementation,24741b6155bacf0f369396fa8ba0845b70328e9c2493df5994ee7bef3c725f46
Vegas/Pending/EventBindingInvariant.lean,archive/se-generalization/lean/Vegas/Pending/EventBindingInvariant.lean.txt,replaced by baseline implementation,aacd77d1f25f21ebac86612ed5291cc1dd5cd24380e163ca7f620aa0f5f5d811
Vegas/Pending/EventBindingPolicyService.lean,archive/se-generalization/lean/Vegas/Pending/EventBindingPolicyService.lean.txt,replaced by baseline implementation,5b0e9d542ef6366576ef98102e46410118f6e00eeb651c4da281bf0e3cbb4390
Vegas/Pending/EventCanonicalResources.lean,archive/se-generalization/lean/Vegas/Pending/EventCanonicalResources.lean.txt,replaced by baseline implementation,d43192fa642159024154f7a2e57638fa0a1bfaf55ba3618ddb3385037b632684
Vegas/Pending/EventCompletionObservation.lean,archive/se-generalization/lean/Vegas/Pending/EventCompletionObservation.lean.txt,replaced by baseline implementation,21313a88f7e6cffb0591c1b039566e6a49a631b57a506b94a0baf3f9b4a21e20
Vegas/Pending/EventExpiryObservation.lean,archive/se-generalization/lean/Vegas/Pending/EventExpiryObservation.lean.txt,replaced by baseline implementation,8d6e33e7e0e0088f9a145cb60ed61b69a7146d89b533ec4909b4edd24d29523c
Vegas/Pending/EventInvariant.lean,archive/se-generalization/lean/Vegas/Pending/EventInvariant.lean.txt,replaced by baseline implementation,d9f58b6922523524a8d126d6b49a0d53f8b51b16fbefdaec03b769ec3c73651e
Vegas/Pending/EventPlayerAction.lean,archive/se-generalization/lean/Vegas/Pending/EventPlayerAction.lean.txt,replaced by baseline implementation,16688e5cc644518d8cef9720ec01385d1d4ba4e7f12945981e4750d1a6e7e362
Vegas/Pending/EventPolicyCoherence.lean,archive/se-generalization/lean/Vegas/Pending/EventPolicyCoherence.lean.txt,replaced by baseline implementation,a8bcb95370f645b12e170bf92b0aac2710e29559e8a30bdacb7868426336581b
Vegas/Pending/EventPolicyService.lean,archive/se-generalization/lean/Vegas/Pending/EventPolicyService.lean.txt,replaced by baseline implementation,c3c2faa813364f09537f7889ca4877673463d85ba49c22c4c73a49a4f01ce91d
Vegas/Pending/EventPrescribedAction.lean,archive/se-generalization/lean/Vegas/Pending/EventPrescribedAction.lean.txt,replaced by baseline implementation,c978dfd7532c23b3139baf2e0e7a5b4e398fc123ed25a90409396b57c4f857fa
Vegas/Pending/EventPrescribedInvocation.lean,archive/se-generalization/lean/Vegas/Pending/EventPrescribedInvocation.lean.txt,replaced by baseline implementation,468d1890d82326511f47229329bd2e576d140524d6fea0dded0dd670db2660f6
Vegas/Pending/EventPrescribedPotential.lean,archive/se-generalization/lean/Vegas/Pending/EventPrescribedPotential.lean.txt,replaced by baseline implementation,436334e54a034c5e403ab2536d4a48625119b75606baf10f065118a0a3053e1a
Vegas/Pending/EventPrescribedSubmission.lean,archive/se-generalization/lean/Vegas/Pending/EventPrescribedSubmission.lean.txt,replaced by baseline implementation,b0649bfd58a26c4ba8dbdff7a2b40f78f869a58efc4f35518b2d98ba306a1c7e
Vegas/Pending/EventPublicBarrier.lean,archive/se-generalization/lean/Vegas/Pending/EventPublicBarrier.lean.txt,replaced by baseline implementation,ff5e9013249398502bca036b8d8258f72959b859dbd4defa36c505a78fd79604
Vegas/Pending/EventReplay.lean,archive/se-generalization/lean/Vegas/Pending/EventReplay.lean.txt,replaced by baseline implementation,e4039c517aefcc245c90c1a6474fe961c6e2a1af2b7104ce0d46f28fca9bfe29
Vegas/Pending/EventReplayCompletion.lean,archive/se-generalization/lean/Vegas/Pending/EventReplayCompletion.lean.txt,replaced by baseline implementation,1f9780bcecc89414f5fcad91bf107eb7a4232e74616cc48ca60586f2ef7a00a5
Vegas/Pending/EventReplayLocality.lean,archive/se-generalization/lean/Vegas/Pending/EventReplayLocality.lean.txt,replaced by baseline implementation,5c4dd102705fb9ac2772cb674914d3c5fbdb10feb4d4231980a7a2e3f353aaf2
Vegas/Pending/EventResolutionEndpoint.lean,archive/se-generalization/lean/Vegas/Pending/EventResolutionEndpoint.lean.txt,replaced by baseline implementation,50a46037b73fd8a2691d2143b8d58b5e701a01c4e819beb8a26cd8be80a3dcf9
Vegas/Pending/EventResolutionOrigin.lean,archive/se-generalization/lean/Vegas/Pending/EventResolutionOrigin.lean.txt,replaced by baseline implementation,c25a16eb2d658106851db3f95528a210b8d3d804fea645ef77f769dbe08cb145
Vegas/Pending/EventServiceLaw.lean,archive/se-generalization/lean/Vegas/Pending/EventServiceLaw.lean.txt,replaced by baseline implementation,798410e1bc944bbc494d15ec4b691250e99f55ba9750eb8c8a3f62f2ea5f68a8
Vegas/Pending/EventSubmissionCompletion.lean,archive/se-generalization/lean/Vegas/Pending/EventSubmissionCompletion.lean.txt,replaced by baseline implementation,c85a2cbf1d0ed4baa124b2fe968d5f9739f2a48ef6de562a9b2a217da5514620
Vegas/Pending/ReactiveAssociationPersistence.lean,archive/se-generalization/lean/Vegas/Pending/ReactiveAssociationPersistence.lean.txt,replaced by baseline implementation,1b6d271431e9def06a3a94cbcb824ff528e1f6968002e1d14ac23557ac09ff75
Vegas/Pending/ReactiveAsyncContract.lean,archive/se-generalization/lean/Vegas/Pending/ReactiveAsyncContract.lean.txt,replaced by baseline implementation,e3c54dce5ebf6a5514d993165de46e00d9fb5bf6e47b4c6dcbef41194bb35f8b
Vegas/Pending/ReactiveBinding.lean,archive/se-generalization/lean/Vegas/Pending/ReactiveBinding.lean.txt,replaced by baseline implementation,5f87d99730eba4faf3c1b3756daa3d2848dbb19d2feeb105d7e80c076cea75d5
Vegas/Pending/ReactiveBindingAllocation.lean,archive/se-generalization/lean/Vegas/Pending/ReactiveBindingAllocation.lean.txt,replaced by baseline implementation,9c52d71e282d0ab0b190f132536e0a4153d87964c8fbc71103177c327394304c
Vegas/Pending/ReactiveBindingAuditStep.lean,archive/se-generalization/lean/Vegas/Pending/ReactiveBindingAuditStep.lean.txt,replaced by baseline implementation,37913a28cc9e0caa93fabd347a7ed7fcbcf596557b21db4c117d5c01b96f9c3c
Vegas/Pending/ReactiveBindingClassification.lean,archive/se-generalization/lean/Vegas/Pending/ReactiveBindingClassification.lean.txt,replaced by baseline implementation,b29869a74e496de288ad83d03b2e7ac0a8ddaccb9243464df377eaba9fbfae18
Vegas/Pending/ReactiveBindingContinuation.lean,archive/se-generalization/lean/Vegas/Pending/ReactiveBindingContinuation.lean.txt,replaced by baseline implementation,15aa906ac6ce731cabc10605a77c9dd7d9a6d434634bd179fdebfcc01cc19783
Vegas/Pending/ReactiveBindingCoupling.lean,archive/se-generalization/lean/Vegas/Pending/ReactiveBindingCoupling.lean.txt,replaced by baseline implementation,daf0232e6ca4cf46014b48660d4424353916eaf0444b343ac3382f5958484454
Vegas/Pending/ReactiveBindingDeadline.lean,archive/se-generalization/lean/Vegas/Pending/ReactiveBindingDeadline.lean.txt,replaced by baseline implementation,4ca6809b4180a7a05d6cfdc430522015a4bdd87fbe8a3e49930e408d898e261c
Vegas/Pending/ReactiveBindingExpiry.lean,archive/se-generalization/lean/Vegas/Pending/ReactiveBindingExpiry.lean.txt,replaced by baseline implementation,0cdd190d96764384338969719375bbe82df23aa2e13978bb252d384c1f69dfdf
Vegas/Pending/ReactiveBindingFinalBlock.lean,archive/se-generalization/lean/Vegas/Pending/ReactiveBindingFinalBlock.lean.txt,replaced by baseline implementation,ab1036d39640ab3ea844e74ef0ae36770af3b72555cbdf6ae9f0c169ef4b610b
Vegas/Pending/ReactiveBindingFirstSubmission.lean,archive/se-generalization/lean/Vegas/Pending/ReactiveBindingFirstSubmission.lean.txt,replaced by baseline implementation,b2994b9e90a0467e209c857fa50c58e3351dcd43d9e440adc64a982983ad57f6
Vegas/Pending/ReactiveBindingForeignData.lean,archive/se-generalization/lean/Vegas/Pending/ReactiveBindingForeignData.lean.txt,replaced by baseline implementation,d27bae5922460056a62cc82c43ecc888c25c814e0088cd234d5432692ba7e902
Vegas/Pending/ReactiveBindingForeignInclusion.lean,archive/se-generalization/lean/Vegas/Pending/ReactiveBindingForeignInclusion.lean.txt,replaced by baseline implementation,75ae87b9dee776e627ff6949360992eb2313a1d6077a3866043b8b29b9db5373
Vegas/Pending/ReactiveBindingForeignWindow.lean,archive/se-generalization/lean/Vegas/Pending/ReactiveBindingForeignWindow.lean.txt,replaced by baseline implementation,60415a494308ae0476c526c82f9b65d7c989c80fd78be2f4d9af74b3142d6640
Vegas/Pending/ReactiveBindingFrame.lean,archive/se-generalization/lean/Vegas/Pending/ReactiveBindingFrame.lean.txt,replaced by baseline implementation,a48020dcd632ac06f3abea931a133f508a440a30800e36363d24d6f35c66b78a
Vegas/Pending/ReactiveBindingFrameLaw.lean,archive/se-generalization/lean/Vegas/Pending/ReactiveBindingFrameLaw.lean.txt,replaced by baseline implementation,22c7383abda7cf771c25133129a2756ed05196b99e4c87aebf9f9b7333e6f408
Vegas/Pending/ReactiveBindingFrameOpening.lean,archive/se-generalization/lean/Vegas/Pending/ReactiveBindingFrameOpening.lean.txt,replaced by baseline implementation,07fb20b701939566b9566fad227799e7962d326ad74b4501b925300f22da6783
Vegas/Pending/ReactiveBindingFrameRounds.lean,archive/se-generalization/lean/Vegas/Pending/ReactiveBindingFrameRounds.lean.txt,replaced by baseline implementation,c7ea3f141989fa1affe100a15b03c1799c8aa956e2b9307b13425c57a72152ed
Vegas/Pending/ReactiveBindingFrameStep.lean,archive/se-generalization/lean/Vegas/Pending/ReactiveBindingFrameStep.lean.txt,replaced by baseline implementation,21160aa62102e1292edebf7e016e499448db4ce62033a136eeae377e0953eacb
Vegas/Pending/ReactiveBindingGuardedStep.lean,archive/se-generalization/lean/Vegas/Pending/ReactiveBindingGuardedStep.lean.txt,replaced by baseline implementation,673f314c71920ac455e3ed9c409ce7124e005718a35428d8c162e39787de96c7
Vegas/Pending/ReactiveBindingLikelihood.lean,archive/se-generalization/lean/Vegas/Pending/ReactiveBindingLikelihood.lean.txt,replaced by baseline implementation,80ea75c53fee9c09d704121b0385f26a7c450ea24ebcf54c8a6734dc45b56f23
Vegas/Pending/ReactiveBindingMemoryInvariant.lean,archive/se-generalization/lean/Vegas/Pending/ReactiveBindingMemoryInvariant.lean.txt,replaced by baseline implementation,893e2a65d43fc35ab0010dc06cc89bfe9ec88a29ca5b65159d9f9d2297fced86
Vegas/Pending/ReactiveBindingMenuRepair.lean,archive/se-generalization/lean/Vegas/Pending/ReactiveBindingMenuRepair.lean.txt,replaced by baseline implementation,478d726f4de2ea34398c003e046c7a1f955d363ceb0c7987f394fbd3d99546cf
Vegas/Pending/ReactiveBindingOmission.lean,archive/se-generalization/lean/Vegas/Pending/ReactiveBindingOmission.lean.txt,replaced by baseline implementation,b697c2f7836bb768624ba85a6921960e8fbf9509115b9f7458b091ab29eee9c0
Vegas/Pending/ReactiveBindingPrefix.lean,archive/se-generalization/lean/Vegas/Pending/ReactiveBindingPrefix.lean.txt,replaced by baseline implementation,5fbcaa9ae6e720d5bf25fd99a06eb4b571ecc016e7d44bd2820d4c24f24fb39e
Vegas/Pending/ReactiveBindingRepair.lean,archive/se-generalization/lean/Vegas/Pending/ReactiveBindingRepair.lean.txt,replaced by baseline implementation,7e36d85ed527122127b8e87f9461469c31086c4afa992953c69325317c75aa1b
Vegas/Pending/ReactiveBindingRequiredStep.lean,archive/se-generalization/lean/Vegas/Pending/ReactiveBindingRequiredStep.lean.txt,replaced by baseline implementation,2f0950b0f16b68f52226789b4f6b0cd0c2c2910f9df4f404bac2a236e252a26e
Vegas/Pending/ReactiveBindingReservedInclusion.lean,archive/se-generalization/lean/Vegas/Pending/ReactiveBindingReservedInclusion.lean.txt,replaced by baseline implementation,f097c4504156f3db20bbf9d4fd7ba1e6718884df7dce4891362cbe688f073568
Vegas/Pending/ReactiveBindingResolveLaw.lean,archive/se-generalization/lean/Vegas/Pending/ReactiveBindingResolveLaw.lean.txt,replaced by baseline implementation,f90e4e59de0b6eea3c6e233777c94de60743598cbca70c625843e2514dd0cf8b
Vegas/Pending/ReactiveBindingRestoration.lean,archive/se-generalization/lean/Vegas/Pending/ReactiveBindingRestoration.lean.txt,replaced by baseline implementation,1b06610f7bcf3e2454adf3f90e46c927cbe1f61eaff739d2a49616c17f83aa69
Vegas/Pending/ReactiveBindingSchedule.lean,archive/se-generalization/lean/Vegas/Pending/ReactiveBindingSchedule.lean.txt,replaced by baseline implementation,600d94c14c01808ae54ece2be681349d3448f9eb1faae6823827743e4e690ccf
Vegas/Pending/ReactiveBindingServiceRepair.lean,archive/se-generalization/lean/Vegas/Pending/ReactiveBindingServiceRepair.lean.txt,replaced by baseline implementation,a1799ebad864e11c0b4271097a6a13b6bd262bd4f598ea41106f62d23eda4bef
Vegas/Pending/ReactiveBindingShadow.lean,archive/se-generalization/lean/Vegas/Pending/ReactiveBindingShadow.lean.txt,replaced by baseline implementation,ab8fe3beb1c28b87c6e6cea3682ae749e453e855875c4b10e1ef760acc85a717
Vegas/Pending/ReactiveBindingShadowInvariant.lean,archive/se-generalization/lean/Vegas/Pending/ReactiveBindingShadowInvariant.lean.txt,replaced by baseline implementation,4c9d7257543b34490e987966edc8b2699c4569b2e05a57e6f0a55b6956302692
Vegas/Pending/ReactiveBindingShadowStep.lean,archive/se-generalization/lean/Vegas/Pending/ReactiveBindingShadowStep.lean.txt,replaced by baseline implementation,7ba02618ed35f3c5cfdee9bad86acf4126fb172549e3618f7ea2cab9d5baae69
Vegas/Pending/ReactiveBindingSubmissionFrame.lean,archive/se-generalization/lean/Vegas/Pending/ReactiveBindingSubmissionFrame.lean.txt,replaced by baseline implementation,a901edb3370d6c0c2df9c473c25e0a79c585ea320ff72415cee978949efff07d
Vegas/Pending/ReactiveBindingWindowLaw.lean,archive/se-generalization/lean/Vegas/Pending/ReactiveBindingWindowLaw.lean.txt,replaced by baseline implementation,b2bc52dcb45ad883c1ee99ed8bbbaeba4ce2b29dd76e0625af251772efc2ce41
Vegas/Pending/ReactiveBindingWindowSupport.lean,archive/se-generalization/lean/Vegas/Pending/ReactiveBindingWindowSupport.lean.txt,replaced by baseline implementation,787030a954adb12eb37431b197a9cfaecda6f3e3155ca9010c1fb116360df1b9
Vegas/Pending/ReactiveBoundedHandles.lean,archive/se-generalization/lean/Vegas/Pending/ReactiveBoundedHandles.lean.txt,replaced by baseline implementation,47dec7f85727fb30dc7287c16b6ae3d8145a182076e3f951b5f82c484a08d439
Vegas/Pending/ReactiveBoundedValues.lean,archive/se-generalization/lean/Vegas/Pending/ReactiveBoundedValues.lean.txt,replaced by baseline implementation,c5ac5a89c5c87f8e0d90c23fcf3f9299a81eb71f4469823881551ed63e8b66f9
Vegas/Pending/ReactiveCandidateBudget.lean,archive/se-generalization/lean/Vegas/Pending/ReactiveCandidateBudget.lean.txt,replaced by baseline implementation,e1fe4c0f0aed6796cdca997cd9944938a4d049cd93ec2b2b43af0193f75365fa
Vegas/Pending/ReactiveCanonicalDecision.lean,archive/se-generalization/lean/Vegas/Pending/ReactiveCanonicalDecision.lean.txt,replaced by baseline implementation,2964330099f1bfbacaf62704e4ca8d1fe649268a7475fbddad0dcdc4199c3ae0
Vegas/Pending/ReactiveCompiledMenu.lean,archive/se-generalization/lean/Vegas/Pending/ReactiveCompiledMenu.lean.txt,replaced by baseline implementation,f8a4d669b06dc7650d53ccf6555c726e43d6a47149f48604fdb7eeaad22195dc
Vegas/Pending/ReactiveCompiledResolution.lean,archive/se-generalization/lean/Vegas/Pending/ReactiveCompiledResolution.lean.txt,replaced by baseline implementation,79a0f02e2219db8230d47bdc540db64281b925c366e041a393769be3562833cc
Vegas/Pending/ReactiveDisclosure.lean,archive/se-generalization/lean/Vegas/Pending/ReactiveDisclosure.lean.txt,replaced by baseline implementation,d9749968f2381c57baa7426883acbda2148a65978d3f639bfc7c56c0f2fbe10b
Vegas/Pending/ReactiveDisclosureStability.lean,archive/se-generalization/lean/Vegas/Pending/ReactiveDisclosureStability.lean.txt,replaced by baseline implementation,c69e6ec27f5d1d7ce71d28f84b33197c0b09bed792bd01372400536f70878e8f
Vegas/Pending/ReactiveFiniteResponses.lean,archive/se-generalization/lean/Vegas/Pending/ReactiveFiniteResponses.lean.txt,replaced by baseline implementation,1223ffe9a19adf9b73ab7e9219bf60d83b5ad0ad96f4354ea5e116e4b5a315ae
Vegas/Pending/ReactiveFreshCallAcceptance.lean,archive/se-generalization/lean/Vegas/Pending/ReactiveFreshCallAcceptance.lean.txt,replaced by baseline implementation,71fc02c80aefe90cd3fde55072c55dbe2b5bd7137c8676ebe529b199138bc466
Vegas/Pending/ReactiveGuardConformance.lean,archive/se-generalization/lean/Vegas/Pending/ReactiveGuardConformance.lean.txt,replaced by baseline implementation,27986c59558b0c6043a3bff15364179b1756d587104335d42f649f33c86d901e
Vegas/Pending/ReactiveGuardedResponse.lean,archive/se-generalization/lean/Vegas/Pending/ReactiveGuardedResponse.lean.txt,replaced by baseline implementation,0ac77fcfa80eb8fa5f3f3b9af28bf079ffed1cd69b1b4995a28a20ae9fa9eb13
Vegas/Pending/ReactiveHiddenResponse.lean,archive/se-generalization/lean/Vegas/Pending/ReactiveHiddenResponse.lean.txt,replaced by baseline implementation,d391e8179ecb52cac1363e080b27c4d559de7e8c04ec6512bf7d9ba7de1fd7c3
Vegas/Pending/ReactiveInitialValues.lean,archive/se-generalization/lean/Vegas/Pending/ReactiveInitialValues.lean.txt,replaced by baseline implementation,08b627a74db914679b83c3bef8616209e5a01ae8994217e7439e1231f85cb3b3
Vegas/Pending/ReactiveOffTurnRepair.lean,archive/se-generalization/lean/Vegas/Pending/ReactiveOffTurnRepair.lean.txt,replaced by baseline implementation,21b5ed08981cba936bd64bfff07f145aa759e24bc7e818a49339d0de56fc5725
Vegas/Pending/ReactiveOffTurnWindow.lean,archive/se-generalization/lean/Vegas/Pending/ReactiveOffTurnWindow.lean.txt,replaced by baseline implementation,de54c948942408019f31b8ec0b303ccbc2be999ca6e46af5d3f08fbee3fe33ba
Vegas/Pending/ReactiveOpeningConformance.lean,archive/se-generalization/lean/Vegas/Pending/ReactiveOpeningConformance.lean.txt,replaced by baseline implementation,b4e3a1b2d01c8c86e7ab9a00d0a9e99f82b49b89db228fcd7d96dc92a4f28263
Vegas/Pending/ReactiveOpeningEvidence.lean,archive/se-generalization/lean/Vegas/Pending/ReactiveOpeningEvidence.lean.txt,replaced by baseline implementation,39c8e8c4b62b522e0b39370113129236b703653249339a67912f43737399e00f
Vegas/Pending/ReactiveOpeningExpiry.lean,archive/se-generalization/lean/Vegas/Pending/ReactiveOpeningExpiry.lean.txt,replaced by baseline implementation,c8ce244234fc4c584f076e2c3eaaefc4e1b2a982aa56e98971c525107b9667c4
Vegas/Pending/ReactiveOpeningLikelihood.lean,archive/se-generalization/lean/Vegas/Pending/ReactiveOpeningLikelihood.lean.txt,replaced by baseline implementation,abc82e8ac7681c1028e4f1cf5721cea2a2c5b9118a0189e3298b252b2ccbe124
Vegas/Pending/ReactiveOpeningSettlement.lean,archive/se-generalization/lean/Vegas/Pending/ReactiveOpeningSettlement.lean.txt,replaced by baseline implementation,d927d6575965bee257b9f5d0d8a0b978bb523684de3ed8775b95441cfb66062d
Vegas/Pending/ReactiveOpeningWindow.lean,archive/se-generalization/lean/Vegas/Pending/ReactiveOpeningWindow.lean.txt,replaced by baseline implementation,98cfb78f1ab32d298d15d58456d992a6dfd5ab61cbc7a290fa45b1e1a9be0382
Vegas/Pending/ReactiveOwnerWindow.lean,archive/se-generalization/lean/Vegas/Pending/ReactiveOwnerWindow.lean.txt,replaced by baseline implementation,db3ec7671734cab1f6c4ef1ecead468629a8a8d4beba49d69646fee2177b43b2
Vegas/Pending/ReactivePacketEvidence.lean,archive/se-generalization/lean/Vegas/Pending/ReactivePacketEvidence.lean.txt,replaced by baseline implementation,0b4d0f33c082bad3d46be41c829961a8e1ef18e2d2d4f0d12c9745e19627c7bb
Vegas/Pending/ReactivePlayerWindow.lean,archive/se-generalization/lean/Vegas/Pending/ReactivePlayerWindow.lean.txt,replaced by baseline implementation,f014095b3aac2a8230d411ca54a98df40ee5a7db582a406fc8a98ee0e7c4cc5b
Vegas/Pending/ReactivePolicy.lean,archive/se-generalization/lean/Vegas/Pending/ReactivePolicy.lean.txt,replaced by baseline implementation,c314377ade8047d9691ba1c9bde2dbfe60ae7dd7f8a2989e66cb1dc4b2265699
Vegas/Pending/ReactivePolicyFacts.lean,archive/se-generalization/lean/Vegas/Pending/ReactivePolicyFacts.lean.txt,replaced by baseline implementation,0181e683a5c2d6e570d5be7964894f360365e64bf62662e47e993cf82bf9fc14
Vegas/Pending/ReactiveRawBindingFrame.lean,archive/se-generalization/lean/Vegas/Pending/ReactiveRawBindingFrame.lean.txt,replaced by baseline implementation,83699a4a89de8dbef692492b7d1b80127250f8cb4c806d5a18e6edfd43159d50
Vegas/Pending/ReactiveRepeatedSubmissionData.lean,archive/se-generalization/lean/Vegas/Pending/ReactiveRepeatedSubmissionData.lean.txt,replaced by baseline implementation,bbfe423693db6374bc840f0c9503bac1172afdec6808783c571a19a55b09f64e
Vegas/Pending/ReactiveRepeatedSubmissionStep.lean,archive/se-generalization/lean/Vegas/Pending/ReactiveRepeatedSubmissionStep.lean.txt,replaced by baseline implementation,792c5ac639ce973ff2960ee2982524e3423109fcb40f9d061cca5a3e2f6e1836
Vegas/Pending/ReactiveRepeatedSubmissionWindow.lean,archive/se-generalization/lean/Vegas/Pending/ReactiveRepeatedSubmissionWindow.lean.txt,replaced by baseline implementation,7ad5add6c811413fd42dbfd8c3d8c0c6619b1df87ceac1ad2809d24a436c201b
Vegas/Pending/ReactiveResolutionAuditStep.lean,archive/se-generalization/lean/Vegas/Pending/ReactiveResolutionAuditStep.lean.txt,replaced by baseline implementation,91bbaedeb5183c90a431afd1194e4b0de4e2ebe8637fcacac91f4e883e5db2bf
Vegas/Pending/ReactiveResolutionEvidence.lean,archive/se-generalization/lean/Vegas/Pending/ReactiveResolutionEvidence.lean.txt,replaced by baseline implementation,69b15144f1476c13be8225f27ec3bd2413c3c25f83d4d0a6792bc4a3beb01cb5
Vegas/Pending/ReactiveResolutionSettlement.lean,archive/se-generalization/lean/Vegas/Pending/ReactiveResolutionSettlement.lean.txt,replaced by baseline implementation,83bdb976e7a3dabb91844aba7f8d59d193c2f664d3748ad99782e3450f4ce30d
Vegas/Pending/ReactiveResolutionWindowConformance.lean,archive/se-generalization/lean/Vegas/Pending/ReactiveResolutionWindowConformance.lean.txt,replaced by baseline implementation,d097792c7721a97caef54471b844cf0980124dadedccf579d74a465bfebc646d
Vegas/Pending/ReactiveResolutionWindowState.lean,archive/se-generalization/lean/Vegas/Pending/ReactiveResolutionWindowState.lean.txt,replaced by baseline implementation,39dcd50292bdf1b4a3519a2d5eff4de5f312f723078daa956401b29effcbaf5e
Vegas/Pending/ReactiveResolutionWindowSupport.lean,archive/se-generalization/lean/Vegas/Pending/ReactiveResolutionWindowSupport.lean.txt,replaced by baseline implementation,255e8f4fb32cef3203597e4c7fd7dec40e4cae02c5642985555c2257dc746fc4
Vegas/Pending/ReactiveResponseAliases.lean,archive/se-generalization/lean/Vegas/Pending/ReactiveResponseAliases.lean.txt,replaced by baseline implementation,dba6af2b908744a6c7040f57c65745e35de178260c84a74685e7d2670da0650d
Vegas/Pending/ReactiveResponseObservation.lean,archive/se-generalization/lean/Vegas/Pending/ReactiveResponseObservation.lean.txt,replaced by baseline implementation,2b3bf2d089d7fc31d5b71d45a43fca3398edad2781aac28110a75893ebe021f0
Vegas/Pending/ReactiveResponseRecall.lean,archive/se-generalization/lean/Vegas/Pending/ReactiveResponseRecall.lean.txt,replaced by baseline implementation,87a15e5d6f79fab93aa1a96c683b9bbf043f4f3513993ad586adf781cac4bea9
Vegas/Pending/ReactiveRevealBlock.lean,archive/se-generalization/lean/Vegas/Pending/ReactiveRevealBlock.lean.txt,replaced by baseline implementation,7dfd9a7c3e997b64003b8b96fed6d58576df0900c5c5ceb5e3d7c3c80ee1c014
Vegas/Pending/ReactiveRevealResponse.lean,archive/se-generalization/lean/Vegas/Pending/ReactiveRevealResponse.lean.txt,replaced by baseline implementation,a6e8fdcef222ed0cfd681f7f770e4c976b39df7302bc519fe21dc59d02ff56b9
Vegas/Pending/ReactiveRevealSettlement.lean,archive/se-generalization/lean/Vegas/Pending/ReactiveRevealSettlement.lean.txt,replaced by baseline implementation,1574ae06ca31cae57913cb03f1ee41505bbb978a043f57025ef6fe0bf1f6b310
Vegas/Pending/ReactiveRevealTranscript.lean,archive/se-generalization/lean/Vegas/Pending/ReactiveRevealTranscript.lean.txt,replaced by baseline implementation,1faebbeb535c367fda49d1b0fe41a6959b2135b032913467b8d9416c78815cde
Vegas/Pending/ReactiveRuntime.lean,archive/se-generalization/lean/Vegas/Pending/ReactiveRuntime.lean.txt,replaced by baseline implementation,bdfdfaa11fca322bc1e764e4e74b783f4e002e06e6ae4f9ac5737309941c85f7
Vegas/Pending/ReactiveSafety.lean,archive/se-generalization/lean/Vegas/Pending/ReactiveSafety.lean.txt,replaced by baseline implementation,b7b77375e6a7b11cd50887e8fb23c455bec20d025bcfb0148d2197c0e6559b47
Vegas/Pending/ReactiveSelectionObservation.lean,archive/se-generalization/lean/Vegas/Pending/ReactiveSelectionObservation.lean.txt,replaced by baseline implementation,2963e52510a16d4002259611dc87e5082ec09e1e1ed0ddf1684e62d2574b8bda
Vegas/Pending/ReactiveServiceAudit.lean,archive/se-generalization/lean/Vegas/Pending/ReactiveServiceAudit.lean.txt,replaced by baseline implementation,2e86bf23cdeba214b6399b79af8eb7c077620c8e777822b98dd5cebbd69b264f
Vegas/Pending/ReactiveServiceConformance.lean,archive/se-generalization/lean/Vegas/Pending/ReactiveServiceConformance.lean.txt,replaced by baseline implementation,108e9f997fd17f9c5d4462a9e562bbd1c1a7f20620fa8956fbb7e8899aabfba1
Vegas/Pending/ReactiveServiceEvents.lean,archive/se-generalization/lean/Vegas/Pending/ReactiveServiceEvents.lean.txt,replaced by baseline implementation,8a5f45d5ea4ab3c98a56b6c43dd5512ecaf9097ea61a1b73814587c04c0d0127
Vegas/Pending/ReactiveServiceOpening.lean,archive/se-generalization/lean/Vegas/Pending/ReactiveServiceOpening.lean.txt,replaced by baseline implementation,4eff38d550beab74055452281b662031545b146e7991ed2787db8468e5efb0e2
Vegas/Pending/ReactiveServiceProgress.lean,archive/se-generalization/lean/Vegas/Pending/ReactiveServiceProgress.lean.txt,replaced by baseline implementation,8a1d538d517b794ce7387e3e6ece5c5ad1a907ce54858a90a5713587a6fed05d
Vegas/Pending/ReactiveServicePublication.lean,archive/se-generalization/lean/Vegas/Pending/ReactiveServicePublication.lean.txt,replaced by baseline implementation,e430aacdc5f7dd56c0a7fa6f305cc2c052e555683b67d94f7325d81485913731
Vegas/Pending/ReactiveServiceRecall.lean,archive/se-generalization/lean/Vegas/Pending/ReactiveServiceRecall.lean.txt,replaced by baseline implementation,0fbe82acb413a063a1d56c954f2a3f1f1d80b32129d91fa1e305b9a9763f2208
Vegas/Pending/ReactiveServiceSelection.lean,archive/se-generalization/lean/Vegas/Pending/ReactiveServiceSelection.lean.txt,replaced by baseline implementation,f31736d1ce9e88bc1e43db19d41e6e8e43c4a9f6df87dc811cc6ececb41facda
Vegas/Pending/ReactiveServiceSoundness.lean,archive/se-generalization/lean/Vegas/Pending/ReactiveServiceSoundness.lean.txt,replaced by baseline implementation,a23f169952f9d3a6a9d6c52f9fbdc420924f14a1fe0a5268824eeddd8e988e31
Vegas/Pending/ReactiveSettledVerdict.lean,archive/se-generalization/lean/Vegas/Pending/ReactiveSettledVerdict.lean.txt,replaced by baseline implementation,5aec6cdd34dbd6e8263e220c6961a13333e9d0c75f785b1b1213cc7a98094f4e
Vegas/Pending/ReactiveStateInvariant.lean,archive/se-generalization/lean/Vegas/Pending/ReactiveStateInvariant.lean.txt,replaced by baseline implementation,8520245d2cc5d9a692b78340ba48319c1b74c23fe4dc95d3b65f07dbb6f5c6e7
Vegas/Pending/ReactiveSubmissionRecall.lean,archive/se-generalization/lean/Vegas/Pending/ReactiveSubmissionRecall.lean.txt,replaced by baseline implementation,3d74e1ce089a00479906dfbda1f741060d6aba845512914c07b081d3012a71f3
Vegas/Pending/ReactiveSubmissionSerial.lean,archive/se-generalization/lean/Vegas/Pending/ReactiveSubmissionSerial.lean.txt,replaced by baseline implementation,566c52ef65c963254422be43abaef939e5c6734bb054d35c55a1a81bdc40dc35
Vegas/Pending/ReactiveUnsubmittedWindow.lean,archive/se-generalization/lean/Vegas/Pending/ReactiveUnsubmittedWindow.lean.txt,replaced by baseline implementation,09fe1aa4d3abec9b3e05f982858370f04166fc029662010f29b07cffab042203
Vegas/Pending/ReactiveUnusableBinding.lean,archive/se-generalization/lean/Vegas/Pending/ReactiveUnusableBinding.lean.txt,replaced by baseline implementation,723f620d34eac8bf850892d64e8f9a1f2847619283faadc0da8259bcf9a69f2e
Vegas/Pending/RevealEvidence.lean,archive/se-generalization/lean/Vegas/Pending/RevealEvidence.lean.txt,replaced by baseline implementation,1d23bb65fdc748fe288117414a57e52924c41ce447e70dfce0dd388a1bff1b1d
Vegas/Source.lean,archive/se-generalization/lean/Vegas/Source.lean.txt,replaced by baseline implementation,91e6102d9ad7abefb05b13b8e48802f2bcd7901879aced65d8922c9209a902ca
VegasTests.lean,archive/se-generalization/lean/VegasTests.lean.txt,replaced by baseline implementation,06c3664d36eadb768b3b92b5724e6c25544ca51a513954cbe3f1ad7409ee4571
docs/a-road-ahead.md,archive/se-generalization/documents/docs/a-road-ahead.md.txt,reference design or investigation,b3b7753030e01fb3ebbdcaac42d63a6e85290cc0f3343311b3945b33f141b0cc
docs/action-coalescing.md,archive/se-generalization/documents/docs/action-coalescing.md.txt,reference design or investigation,0fbfbc702e73321c85c802e2412601391fc14f5190a365a816e1485ec02f4140
docs/active-tower.md,archive/se-generalization/documents/docs/active-tower.md.txt,reference design or investigation,1e6bae4466d917dabb4daed47fe02da0ca2d28649240a42a94031e8d2f6d2482
docs/ambient-communication.md,archive/se-generalization/documents/docs/ambient-communication.md.txt,reference design or investigation,0e60e42da7a4caed7c7052ef3779f0c947f6d02e90df12a1a8d3502be68a1524
docs/auctions-discussion.md,archive/se-generalization/documents/docs/auctions-discussion.md.txt,reference design or investigation,65375d14346ebb8c2e731b03d494bf0e9fd13ba2d542f040aabe431656e9f05c
docs/compiler-boundary.md,archive/se-generalization/documents/docs/compiler-boundary.md.txt,reference design or investigation,d46f828cccf209d0242162720871d5cc0a417d7b11c83074018125efbbabba16
docs/cryptographic-runtime-future-work.md,archive/se-generalization/documents/docs/cryptographic-runtime-future-work.md.txt,reference design or investigation,a3c9b4cadc37f4a726919924a088a3cbcd6ece680f7f34b2da3ecd769f002f14
docs/deferred-guards-semantics.tex,archive/se-generalization/documents/docs/deferred-guards-semantics.tex,reference design or investigation,741bc0da580aab2e4a5f6d139b085dfe5f94c71850a859833699da4a6e2fb9b5
docs/dependency-authorized-submission.md,archive/se-generalization/documents/docs/dependency-authorized-submission.md.txt,reference design or investigation,95e20246f224c53d4cbb7616770399678ebf0455e5786d5e8cdfc7e82bc7d95a
docs/disclosure-enforcement-design.md,archive/se-generalization/documents/docs/disclosure-enforcement-design.md.txt,reference design or investigation,d83cf9ee93cfefb7f70c4e555a728d78b1bfe1c0e8557e1b2767e3168f764b73
docs/early-opening-and-spe.md,archive/se-generalization/documents/docs/early-opening-and-spe.md.txt,reference design or investigation,9fce19453bfe5ad0806cef65502be65adc06758d39fd35941c6c17a7b7412439
docs/event-graph-failure-comparison.md,archive/se-generalization/documents/docs/event-graph-failure-comparison.md.txt,reference design or investigation,e3a160f73f5d69a0adc3266cb19f5f17dd1098033e4df89c511b13863f27112f
docs/event-graph-scheduling-proof.md,archive/se-generalization/documents/docs/event-graph-scheduling-proof.md.txt,reference design or investigation,f78e7bec8c0562ab83aa24ea72ce78eb9be0adefd8880e017e2ba5b1348e643e
docs/event-pending-deviation.md,archive/se-generalization/documents/docs/event-pending-deviation.md.txt,reference design or investigation,ad8468d6e4057a0310f933b04638392d89737bc7c49094d5393d2deec75e767f
docs/event-service.md,archive/se-generalization/documents/docs/event-service.md.txt,reference design or investigation,ea6d10dbcc465dfe77ba660b85b2ede35a8cd1f999e55096f4843fc91a62d3ca
docs/inclusion-and-spe.md,archive/se-generalization/documents/docs/inclusion-and-spe.md.txt,reference design or investigation,fdd143887c69bc93ef840a4645a244f64b272a55bc3ae4e9f54b7102187a539b
docs/inclusion-assumptions.md,archive/se-generalization/documents/docs/inclusion-assumptions.md.txt,reference design or investigation,47fec19c2c75045164545ecb8a76168698cfa7c06deb5730a6ae66f2902b36f2
docs/module-architecture.md,archive/se-generalization/documents/docs/module-architecture.md.txt,replaced by active design or baseline evidence,51d491d258a9ec203e4ff27fe54410f7038e4d1bdfde9e4f594ca840f326108f
docs/network-and-compilation.md,archive/se-generalization/documents/docs/network-and-compilation.md.txt,reference design or investigation,bc49e804c32f2bb25b8e9b89d2b5ec94779f610d63fe098d4f00134e2978c3cb
docs/passive-eavesdropping.md,archive/se-generalization/documents/docs/passive-eavesdropping.md.txt,reference design or investigation,69116ed45b44a6694d8507513d3295d633fd4210de8583214a276e4c2162809c
docs/pending-proposal-semantics.md,archive/se-generalization/documents/docs/pending-proposal-semantics.md.txt,reference design or investigation,6ebd96a0e87977389ff071b74c44dbb9ae39f41c38936374fa1878b30f3aada3
docs/preservation-contracts.md,archive/se-generalization/documents/docs/preservation-contracts.md.txt,reference design or investigation,654a56dcfc4b772603b6850b42cf00b8edd8a123c44c6af95757d409839292f3
docs/private-memory-and-subgames.md,archive/se-generalization/documents/docs/private-memory-and-subgames.md.txt,reference design or investigation,32701ca1ab4fba6492bc9e65b60c05127a4cdefb413f834af5266e2a9cda8c42
docs/public-moves.md,archive/se-generalization/documents/docs/public-moves.md.txt,reference design or investigation,4756a662db66870bee70fb493cda7e9ff44f56de9fe9013345ee5fd4ec887c3d
docs/reactive-inclusion-obstruction.md,archive/se-generalization/documents/docs/reactive-inclusion-obstruction.md.txt,reference design or investigation,ce736d437a94e4acb4e6825ce8a3b32a278e3d57351343e8dc605ffef0f02141
docs/reactive-recovery.md,archive/se-generalization/documents/docs/reactive-recovery.md.txt,reference design or investigation,a4ecd52d05217cf513dfc6dad87416fcdcdb596aa0d82cbbcba7b404e16cc766
docs/reactive-spe-service.md,archive/se-generalization/documents/docs/reactive-spe-service.md.txt,reference design or investigation,7d1c160ad076b5991737a027fbf59e26bae3b9b253761f0e7db6dd6e182d44d5
docs/research/monitored-response-coverage.md,archive/se-generalization/documents/docs/research/monitored-response-coverage.md.txt,reference design or investigation,096757456839ae83a7daf85553ff8e0d74c06894064adcf5647ea7eb556e957d
docs/research/monitoring-service-contract.md,archive/se-generalization/documents/docs/research/monitoring-service-contract.md.txt,reference design or investigation,bf3f268d56333f28391092bb37c6de45121bb2e4e125017704c742ef1eb6bdf0
docs/research/se-ambient-rosters.md,archive/se-generalization/documents/docs/research/se-ambient-rosters.md.txt,reference design or investigation,baf4b9887e3db8443238fa929075527c7bc6387910f1d504da9aefbf75a0117c
docs/research/se-conformance-audit.md,archive/se-generalization/documents/docs/research/se-conformance-audit.md.txt,reference design or investigation,1efa10ce86cbd2f7a6bbade07d789d4f8505a8dadae71b7c9ee9af1bdae24bbe
docs/research/se-hidden-binding.md,archive/se-generalization/documents/docs/research/se-hidden-binding.md.txt,reference design or investigation,b852147727230ed0ccb5a65aac90eb65faddf50c386e86d6129a4528534289fb
docs/research/se-ideal-sanctions.md,archive/se-generalization/documents/docs/research/se-ideal-sanctions.md.txt,reference design or investigation,90400d245594348fc8434dd0e7668c667d1cffdfb1f8603d28a9c22aa143dc49
docs/research/se-native-pilot.md,archive/se-generalization/documents/docs/research/se-native-pilot.md.txt,reference design or investigation,6fd861e281828c0877fa63b908fe201872f38433dc31d34f1004a9126c95f40a
docs/research/se-opening-timing.md,archive/se-generalization/documents/docs/research/se-opening-timing.md.txt,reference design or investigation,e54b78855d9c07fd96b580eeb2a49aab21ea93212f7daa776d73fbd2c9504d6f
docs/research/se-pmf-interaction.md,archive/se-generalization/documents/docs/research/se-pmf-interaction.md.txt,reference design or investigation,d1dd30a9c2603bbee8f656ca730fd0bec510d399ade3d2467e25e02945343080
docs/research/se-proof-routes.md,archive/se-generalization/documents/docs/research/se-proof-routes.md.txt,reference design or investigation,1ba87b8135bdd0f7c12cb0e66621a9fc204b3bf9c3d0a8b180152a291b2ee71a
docs/research/se-runtime-assumptions.md,archive/se-generalization/documents/docs/research/se-runtime-assumptions.md.txt,reference design or investigation,dcc9d64caa11307918e5e66ec6cf98e636dbd5e2bc430eba4c392cf4ed061baf
docs/review-follow-ups.md,archive/se-generalization/documents/docs/review-follow-ups.md.txt,reference design or investigation,160f626e5af4567490d58b077a7b9fca79e668e641aeb5d4d0d7884223b3b52e
docs/runtime-abstraction-classification.md,archive/se-generalization/documents/docs/runtime-abstraction-classification.md.txt,reference design or investigation,311c219e9a6209e641110928f341c4e18e23cc52d37feeec430f4191e0e1e0c6
docs/runtime-feature-literature.md,archive/se-generalization/documents/docs/runtime-feature-literature.md.txt,reference design or investigation,e7de5fb7a9c5a591fb5d39021b2d5bbeeda723edcf5332ece66738cd01f68f71
docs/runtime-feature-restrictions.md,archive/se-generalization/documents/docs/runtime-feature-restrictions.md.txt,reference design or investigation,5dcfec0b3ce87460e10a7286e0f3906490127047ee1f3f314a56382b4b5d4d36
docs/se-compilation-stack.md,archive/se-generalization/documents/docs/se-compilation-stack.md.txt,replaced by active design or baseline evidence,038988dc788d5650f421146280a0a66bbcba5164436041003cc4ca389e6c4527
docs/se-completion-plan.md,archive/se-generalization/documents/docs/se-completion-plan.md.txt,reference design or investigation,f17a8f153c84815f393e5bfa065c9d0b3536b3a4cbe14154132eeafabe4f90c5
docs/se-handoff.md,archive/se-generalization/documents/docs/se-handoff.md.txt,reference design or investigation,935e20d62f4c668636a7a67aaab8a15174bfeed440d1592654bd3460ea8d42e1
docs/se-preservation-roadmap.md,archive/se-generalization/documents/docs/se-preservation-roadmap.md.txt,reference design or investigation,d25e456b45c26dc90e2c376ed75082fc405521b78f88cade2404bc54f141c47b
docs/se-proof-checklist.md,archive/se-generalization/documents/docs/se-proof-checklist.md.txt,replaced by active design or baseline evidence,258ac69dc6e9b9f8e3df8d0e6d0f707763b245bf20de1cdd50a30be4b102eeaa
docs/se-schedule-generalization.md,archive/se-generalization/documents/docs/se-schedule-generalization.md.txt,replaced by active design or baseline evidence,69f16c753663e131edf2e1e345bc9f1ec633b39efc2b92b77f3cb374d24ddeed
docs/selective-association-proof-contract.md,archive/se-generalization/documents/docs/selective-association-proof-contract.md.txt,reference design or investigation,14107829e63948233fe959386f2f41683f82d76cd9ba2d17afd129f6c4639073
docs/sequential-disclosure-impossibility.md,archive/se-generalization/documents/docs/sequential-disclosure-impossibility.md.txt,reference design or investigation,450cf6a7d614ef9b69686c0ea750f023c5086d8c9577240362454e8c3434703d
docs/sequential-enforcement-design.md,archive/se-generalization/documents/docs/sequential-enforcement-design.md.txt,reference design or investigation,db9a4deca49f2165377ffcee7352c138449708ddaaa0f5c0d989e6445e59a559
docs/sequential-equilibrium-design.md,archive/se-generalization/documents/docs/sequential-equilibrium-design.md.txt,reference design or investigation,7ea90b83818cee3184b7803f2f03aa445d790b844826403c907fabb7e096d004
docs/spe-incentive-criterion.md,archive/se-generalization/documents/docs/spe-incentive-criterion.md.txt,reference design or investigation,d0d0f29670c0179ba50ae7727a1d54e8a5bb9c282d62aa7f1e0d218192cdcbfd
docs/spe-obstructions.md,archive/se-generalization/documents/docs/spe-obstructions.md.txt,reference design or investigation,b77a625695d5fe7d2f2866278f6c05ab689616ec55b4143dfb48f93048a13b37
docs/subgame-preservation.md,archive/se-generalization/documents/docs/subgame-preservation.md.txt,reference design or investigation,0e76b57281651c697f8214de00a1b00c104ea39fe83b256879f01418fc5e1a42
docs/zero-sum-communication-literature.md,archive/se-generalization/documents/docs/zero-sum-communication-literature.md.txt,reference design or investigation,57a4a3bd7f84aa9ea3713b0cd24419fb7a5d36ed286b0d3a0c3f147025658256
docs/zero-sum-runtime-bridge.md,archive/se-generalization/documents/docs/zero-sum-runtime-bridge.md.txt,reference design or investigation,d2b9f7e714a43727e9b8bb2e923dfd7f6bc97433c8d3237b82bd1587921e3852
docs/zero-sum-sequential-repair.md,archive/se-generalization/documents/docs/zero-sum-sequential-repair.md.txt,reference design or investigation,edfff04583875c714925b7d112e8b93c71757d559d43bd04d9a758d22b42aaae
scripts/experiments/adaptive_schedules.py,archive/se-generalization/documents/scripts/experiments/adaptive_schedules.py,investigation tool,4e83895bfe953571e362539b4e5a4fdeccbdb26a29272918416b490db1ddbc52
scripts/experiments/coalescing.py,archive/se-generalization/documents/scripts/experiments/coalescing.py,investigation tool,58478c001d3d003deb16d599faa26736e5b0519a392e03c5de6ac5dc0aec812c
scripts/experiments/deferral_miss_probe.py,archive/se-generalization/documents/scripts/experiments/deferral_miss_probe.py,investigation tool,3c2e360c7b45dfefade6366377085dd76d4581aad511f5b62d7dfab4d4e639b9
scripts/experiments/late_decision_signaling_probe.py,archive/se-generalization/documents/scripts/experiments/late_decision_signaling_probe.py,investigation tool,20cbe0322c661bd01a84ad0dd5fdea14a16484721f6f098d1f38fefed368f7dc
scripts/experiments/pending_selection.py,archive/se-generalization/documents/scripts/experiments/pending_selection.py,investigation tool,db9b9be8a297bb8623a6d89a7695030d13bc9726eded35d08f155152229ea657
scripts/experiments/preservation_contracts.py,archive/se-generalization/documents/scripts/experiments/preservation_contracts.py,investigation tool,603ff6d520ef3bc312e3443c32c4a0b8be1088300efd48fc15ec9e18fac20d3d
scripts/experiments/raw_continuation_probe.py,archive/se-generalization/documents/scripts/experiments/raw_continuation_probe.py,investigation tool,3a11e9d9613a10fb0e40e1fe70b3e11f58f1e2d8e3e6c78812d01691772f52f8
scripts/experiments/test_late_decision_signaling_probe.py,archive/se-generalization/documents/scripts/experiments/test_late_decision_signaling_probe.py,investigation tool,de838a3c09178f39b96822aec917ca3f2b3995c63707db74b2308f58ea29a1cc
scripts/experiments/test_raw_continuation_probe.py,archive/se-generalization/documents/scripts/experiments/test_raw_continuation_probe.py,investigation tool,0844fdb49b7a3ee69ab4eeed63b5df817cce6d1cf3cae195c7e27dd6a14e7002
README.md,archive/se-generalization/documents/README.md.txt,replaced active overview,c514fe81d1c033414662e226eae804ad44130827f73f2b5f99f2c17ff1e96309
docs/source-design-rationale.md,archive/se-generalization/documents/docs/source-design-rationale.md.txt,replaced or retired documentation,f67fa11a69af72e9cab6c802bd9bcbb6a524141f39ed0f6fc2a22408b9f6a691
docs/event-graph-public-observations.md,archive/se-generalization/documents/docs/event-graph-public-observations.md.txt,replaced or retired documentation,ad8739a5f109f86d26e6e6a964ac38eeec96f151777cb92e7289846e6b2bdd33
docs/private-inputs.md,archive/se-generalization/documents/docs/private-inputs.md.txt,replaced or retired documentation,94acb3cffb0099133b04a0ad573ff81f60dc7c315f59f3b701c9d18816d9c160
docs/source-graph-edge.md,archive/se-generalization/documents/docs/source-graph-edge.md.txt,replaced or retired documentation,734934b0ac83f9fdde34946c18cb7cec3d9145c97ef7bac52629b020daca4ea9
docs/outcomes-and-utilities.md,archive/se-generalization/documents/docs/outcomes-and-utilities.md.txt,replaced or retired documentation,0a3057053076b80649c5cb3f868bb727137f1b5508976510cbc6f1dfc0682bf4
docs/finite-reactive-responses.md,archive/se-generalization/documents/docs/finite-reactive-responses.md.txt,replaced or retired documentation,bb0a865e4630a1626a0f03f46984544776c3d3fc069657eec838597030fe45ed
docs/source-semantics.md,archive/se-generalization/documents/docs/source-semantics.md.txt,replaced or retired documentation,5679287587a76ed88e4ba5f13914e2c590868c20ee43aafcd666def09fb893b2
docs/event-graph-design.md,archive/se-generalization/documents/docs/event-graph-design.md.txt,replaced or retired documentation,11760c2de55b9c7546f94f03373c360a54bf64282e321606aba5285064096bc0
docs/compilation-design.md,archive/se-generalization/documents/docs/compilation-design.md.txt,replaced or retired documentation,b332ca830a9892fe2428d5c59e1b2acf45dd9b412e2cf1d4dd919ac8170ac57b
docs/ideal-commitment-capabilities.md,archive/se-generalization/documents/docs/ideal-commitment-capabilities.md.txt,replaced or retired documentation,b9bbdf2b37dcdfa065fa4e22518fd907b10593dd13deda7021b55cea654985b7
ARTIFACT.md,archive/se-generalization/documents/ARTIFACT.md.txt,replaced or retired documentation,54dfdc98ec83a910b385d4e6dc27cedd8437d056b6aeb56755360c054a745e1a
scripts/README.md,archive/se-generalization/documents/scripts/README.md.txt,replaced or retired documentation,be8af86f3e1669ac1f5481147dbff2d534c517c3966a87333abf28f519290581
